date,name,code,close,trading_value_billion,daily_return_pct,is_new_listing
20260522,삼화콘덴서,1820,102000,5440,30.77%,N
20260522,주성엔지니어링,36930,224000,14011,20.89%,N
20260521,제주반도체,80220,117800,9492,19.11%,N
20260521,심텍,222800,122400,3271,15.47%,N
20260520,삼화콘덴서,1820,76100,4550,18.91%,N
20260515,두산로보틱스,454910,132100,23767,22.20%,N
20260514,제주반도체,80220,75600,7708,32.63%,N
20260513,현대모비스,12330,668000,21727,23.93%,N
20260513,두산테스나,131970,176100,2028,36.30%,N
20260512,코스모로보틱스,439960,31200,3412,23.08%,Y
20260511,한온시스템,18880,5730,8607,18.14%,N
20260511,대한광통신,10170,27950,22534,19.44%,N
20260511,로보티즈,108490,387000,7917,15.87%,N
20260508,현대오토에버,307950,592000,14900,27.31%,N
20260508,두산퓨얼셀,336260,84100,4611,15.05%,N
20260507,삼성E&A,28050,64900,21522,18.65%,N
20260507,오이솔루션,138080,54000,2941,20.27%,N
20260506,유안타증권,3470,7830,2387,15.32%,N
20260506,미래에셋증권,6800,86300,39224,20.87%,N
20260506,SKC,11790,161200,9492,28.96%,N
20260506,삼성물산,28260,384000,9493,20.00%,N
20260506,두산퓨얼셀,336260,78700,6480,29.02%,N
20260506,켐트로닉스,89010,46250,4129,20.92%,N
20260506,필옵틱스,161580,63200,6972,28.98%,N
20260506,엑스게이트,356680,18230,5621,18.38%,N
20260506,한빛레이저,452190,10010,2159,16.67%,N
20260504,삼성증권,16360,139700,9835,28.28%,N
20260504,산일전기,62040,329000,15920,20.73%,N
20260504,일진전기,103590,144600,7921,18.04%,N
20260504,SK스퀘어,402340,999000,20766,16.43%,N
20260504,보성파워텍,6910,14350,6435,16.76%,N
20260504,제룡전기,33100,91500,6722,30.34%,N
20260504,LS마린솔루션,60370,49550,3408,28.87%,N
20260430,대원전선,6340,15050,12718,16.04%,N
20260430,남해화학,25860,11740,5094,22.42%,N
20260430,산일전기,62040,263500,13910,17.11%,N
20260429,대원전선,6340,13090,10491,29.99%,N
20260429,롯데케미칼,11170,116600,2873,20.33%,N
20260429,LS에코에너지,229640,89800,2997,22.18%,N
20260429,채비,0011T0,22550,29276,47.87%,Y
20260429,제룡전기,33100,70000,3149,18.04%,N
20260429,비나텍,126340,183400,2266,24.76%,N
20260428,TCC스틸,2710,23950,2661,26.25%,N
20260428,휴스틸,5010,6740,2311,16.61%,N
20260428,넥스틸,92790,21600,3073,29.89%,N
20260427,명신산업,9900,14360,2426,15.99%,N
20260427,한미반도체,42700,376000,40298,24.09%,N
20260427,한화엔진,82740,88500,6492,15.99%,N
20260427,일진전기,103590,114400,3993,17.45%,N
20260427,와이제이링크,209640,9050,2342,15.14%,N
20260424,OCI홀딩스,10060,374500,9985,20.03%,N
20260424,HD현대마린엔진,71970,115400,3870,19.46%,N
20260424,대덕전자,353200,115200,2710,15.55%,N
20260424,아주IB투자,27360,18720,6502,28.31%,N
20260424,SFA반도체,36540,9640,4422,22.03%,N
20260424,대주전자재료,78600,179600,6956,27.02%,N
20260424,제주반도체,80220,54000,10969,17.90%,N
20260424,고영,98460,42300,12208,22.08%,N
20260423,대원전선,6340,8140,10265,17.29%,N
20260423,솔루스첨단소재,336370,16100,2578,19.52%,N
20260422,삼아알미늄,6110,73000,3203,19.28%,N
20260422,이수페타시스,7660,160300,21647,19.63%,N
20260422,LG이노텍,11070,522000,5991,22.82%,N
20260422,애경케미칼,161000,18700,7415,19.80%,N
20260422,아주IB투자,27360,14150,5301,16.46%,N
20260422,미래에셋벤처투자,100790,57700,7626,22.12%,N
20260422,두산테스나,131970,129500,2782,19.91%,N
20260421,삼성SDI,6400,644000,35524,16.88%,N
20260421,주성엔지니어링,36930,118900,11044,23.98%,N
20260421,한중엔시에스,107640,72500,4013,28.77%,N
20260421,씨아이에스,222080,16310,6682,26.04%,N
20260421,필에너지,378340,20950,2797,23.16%,N
20260420,DB하이텍,990,124300,2821,16.28%,N
20260420,주성엔지니어링,36930,91500,8266,27.26%,N
20260420,드림시큐리티,203650,3880,2214,22.20%,N
20260417,후성,93370,13630,11718,17.70%,N
20260417,미래에셋벤처투자,100790,46300,10028,16.04%,N
20260416,OCI홀딩스,10060,295500,8293,26.01%,N
20260416,비에이치,90460,28750,2041,18.07%,N
20260415,대한전선,1440,41250,16166,26.53%,N
20260415,대우건설,47040,28500,25235,18.75%,N
20260415,대주전자재료,78600,139900,2181,16.49%,N
20260414,OCI홀딩스,10060,231000,3970,19.26%,N
20260414,아주IB투자,27360,11330,3432,25.75%,N
20260414,파워넷,37030,8470,2499,19.30%,N
20260414,미래에셋벤처투자,100790,38900,2321,27.96%,N
20260414,퀄리타스반도체,432720,20550,2351,25.46%,N
20260413,남선알미늄,8350,2865,5249,21.40%,N
20260413,조일알미늄,18470,1917,2672,19.81%,N
20260413,티엠씨,217590,31450,2721,20.27%,Y
20260413,우리넷,115440,16900,2078,28.22%,N
20260410,신성이엔지,11930,37850,5152,18.28%,N
20260410,대한광통신,10170,17770,15051,22.64%,N
20260410,쏠리드,50890,17080,7648,17.63%,N
20260409,광전자,17900,10530,3786,21.03%,N
20260409,빛과전자,69540,4225,2283,25.93%,N
20260409,머큐리,100590,8800,2341,16.71%,N
20260408,현대건설,720,189400,20077,18.45%,N
20260408,GS건설,6360,37400,11614,27.21%,N
20260408,대우건설,47040,22550,19204,20.07%,N
20260408,전진건설로봇,79900,71600,5269,16.99%,N
20260408,DL이앤씨,375500,96700,12135,23.18%,N
20260408,심텍,222800,69200,2809,17.89%,N
20260407,풍산홀딩스,5810,58300,6944,23.39%,N
20260407,창해에탄올,4650,12010,2035,15.48%,N
20260406,남선알미늄,8350,2130,4248,17.42%,N
20260406,보원케미칼,0010F0,11070,2943,24.38%,Y
20260403,신성이엔지,11930,34450,6563,19.41%,N
20260403,HD현대에너지솔루션,322000,191100,5906,31.79%,N
20260403,SK이터닉스,475150,67900,17352,23.45%,N
20260402,흥아해운,3280,4470,13373,20.16%,N
20260401,대우건설,47040,19430,14859,15.11%,N
20260401,동국제약,86450,28850,2532,22.25%,N
20260331,삼아알미늄,6110,40200,3323,22.19%,N
20260330,애경케미칼,161000,14820,5304,30.00%,N
20260330,티이엠씨,425040,12970,2234,20.43%,N
20260327,미래에셋벤처투자,100790,32550,7110,16.25%,N
20260326,에코플라스틱,38110,4230,2814,17.50%,N
20260326,셀바스AI,108860,16340,8514,21.04%,N
20260325,코리아써키트,7810,80200,2039,21.70%,N
20260325,DL이앤씨,375500,71000,7182,15.45%,N
20260325,아주IB투자,27360,8520,3238,27.16%,N
20260325,쏠리드,50890,15910,7933,16.56%,N
20260324,파이버프로,368770,21350,2385,25.37%,N
20260323,한텍,98070,56700,3362,20.00%,N
20260320,SK증권,1510,5175,11658,15.64%,N
20260320,GS건설,6360,33450,6758,28.16%,N
20260320,삼성E&A,28050,39800,5021,21.34%,N
20260320,우진,105840,31200,2214,17.29%,N
20260320,DL이앤씨,375500,67400,4381,27.89%,N
20260320,태웅,44490,58600,4842,28.79%,N
20260320,오르비텍,46120,13700,2348,16.10%,N
20260319,씨에스윈드,112610,67700,3178,15.73%,N
20260319,SK이터닉스,475150,54700,17464,27.65%,N
20260318,GS건설,6360,26350,2472,17.11%,N
20260318,대우건설,47040,14870,16105,20.70%,N
20260318,우리기술,32820,29300,20974,18.62%,N
20260318,로킷헬스케어,376900,128700,2238,27.93%,Y
20260318,큐리옥스바이오시스템즈,445680,141500,2335,23.04%,N
20260317,신성이엔지,11930,29100,2847,25.43%,N
20260317,아주IB투자,27360,7480,3443,16.15%,N
20260313,대우건설,47040,12320,10690,19.50%,N
20260313,우리기술,32820,24450,14368,16.43%,N
20260313,LS머트리얼즈,417200,22850,8650,22.13%,N
20260312,HD현대에너지솔루션,322000,130700,10106,26.65%,N
20260312,두산퓨얼셀,336260,49250,4008,20.12%,N
20260312,SK이터닉스,475150,37350,8314,31.51%,N
20260311,대한광통신,10170,7160,4526,18.94%,N
20260311,쏠리드,50890,11710,3601,24.57%,N
20260311,RFHIC,218410,89100,6159,19.28%,N
20260311,로킷헬스케어,376900,97300,3011,25.23%,Y
20260310,대한광통신,10170,5510,2905,19.52%,N
20260310,성호전자,43260,49400,3090,20.49%,N
20260310,태웅,44490,50900,4007,29.02%,N
20260306,대주전자재료,78600,115200,4567,18.52%,N
20260306,비에이치아이,83650,95900,2257,18.84%,N
20260305,흥아해운,3280,2815,6348,22.93%,N
20260305,대성에너지,117580,12700,2453,21.53%,N
20260305,흥구석유,24060,32700,16565,26.50%,N
20260305,주성엔지니어링,36930,66800,2832,17.19%,N
20260304,한일사료,5860,4330,2240,15.31%,N
20260303,한화에어로스페이스,12450,1503000,41776,18.53%,N
20260303,LIG디펜스앤에어로스페이스,79550,661000,14843,16.37%,N
20260303,한화시스템,272210,147600,35534,25.62%,N
20260227,현대제철,4020,47100,12176,20.77%,N
20260227,현대위아,11210,107000,4375,16.05%,N
20260227,한미반도체,42700,316000,43629,17.04%,N
20260227,HD현대에너지솔루션,322000,104000,5266,28.87%,N
20260227,서진시스템,178320,47550,3936,24.64%,N
20260226,SK증권,1510,4305,7662,19.38%,N
20260226,LG이노텍,11070,345000,6911,19.58%,N
20260226,한미반도체,42700,275500,36270,19.01%,N
20260226,삼천당제약,250,757000,11124,28.52%,N
20260225,가온전선,500,118900,2041,20.59%,N
20260225,명신산업,9900,11880,2122,27.88%,N
20260224,한미사이언스,8930,51400,4960,16.82%,N
20260224,한화비전,489790,80400,9848,30.73%,N
20260224,씨아이에스,222080,15060,4452,16.93%,N
20260223,삼화콘덴서,1820,57000,2194,29.11%,N
20260223,대원전선,6340,5440,2509,25.20%,N
20260223,일진전기,103590,84100,3942,15.68%,N
20260223,흥구석유,24060,21850,9061,23.52%,N
20260223,현대바이오,48410,17770,2046,29.05%,N
20260223,페니트리움바이오,187660,12060,3187,29.26%,N
20260223,DSC인베스트먼트,241520,18520,2274,22.49%,N
20260220,한화생명,88350,6600,5758,29.16%,N
20260220,보성파워텍,6910,12680,4784,28.47%,N
20260219,현대차증권,1500,13880,3249,28.28%,N
20260219,한화투자증권,3530,9560,5149,18.76%,N
20260219,NH투자증권,5940,39600,3343,24.92%,N
20260219,한화솔루션,9830,58700,22223,27.89%,N
20260219,한온시스템,18880,5270,8528,17.11%,N
20260213,SK증권,1510,2433,3461,20.68%,N
20260213,미래에셋증권,6800,61036,25289,15.88%,N
20260213,스피어,347700,44600,2666,17.99%,N
20260212,페니트리움바이오,187660,5680,2838,32.09%,N
20260211,삼영,3720,8230,2739,21.39%,N
20260211,LG전자,66570,128200,27543,22.10%,N
20260211,한전산업,130660,20950,6078,16.39%,N
20260211,우리기술,32820,12350,10766,31.10%,N
20260210,한온시스템,18880,4660,9880,20.26%,N
20260210,대우건설,47040,7380,7201,23.41%,N
20260210,유진로봇,56080,48800,9641,23.70%,N
20260209,한화솔루션,9830,47650,29408,16.22%,N
20260209,아모레퍼시픽,90430,165500,5950,16.22%,N
20260209,유니테스트,86390,20700,2397,15.19%,N
20260209,헥토파이낸셜,234340,28800,2416,16.60%,N
20260206,스피어,347700,37350,3393,33.39%,N
20260205,한전산업,130660,17770,6386,17.68%,N
20260204,OCI홀딩스,10060,147600,2958,21.68%,N
20260204,한전산업,130660,16310,5147,17.34%,N
20260204,하림지주,3380,19610,2551,27.26%,N
20260204,제룡전기,33100,61300,3157,30.43%,N
20260204,리브스메드,491000,87400,2350,16.53%,Y
20260203,미래에셋증권,6800,51279,16423,24.10%,N
20260203,HD건설기계,267270,136300,4951,24.59%,N
20260203,한화시스템,272210,120700,25918,26.26%,N
20260202,삼미금속,12210,16150,2597,15.77%,Y
20260202,삼표시멘트,38500,10920,2781,22.28%,N
20260130,덕양에너젠,0001A0,34850,19851,65.56%,Y
20260130,하림지주,3380,14510,3383,16.55%,N
20260130,삼표시멘트,38500,8400,5083,22.99%,N
20260130,제주반도체,80220,43300,12347,19.12%,N
20260130,한라캐스트,125490,23400,7512,20.99%,Y
20260129,KH바텍,60720,16860,2777,15.48%,N
20260129,켄코아에어로스페이스,274090,29850,2323,20.85%,N
20260129,나라스페이스테크놀로지,478340,62700,6511,27.57%,Y
20260128,에스피지,58610,149500,8567,21.74%,N
20260128,에코프로,86520,166400,45545,20.41%,N
20260128,테스,95610,71100,2519,23.87%,N
20260128,원익IPS,240810,106700,2175,15.73%,N
20260128,네오셈,253590,16490,4040,25.97%,N
20260128,태성,323280,71000,3249,26.33%,N
20260128,HPSP,403870,44200,5427,16.62%,N
20260127,하나마이크론,67310,34100,7404,21.57%,N
20260127,제우스,79370,20700,3494,28.81%,N
20260126,에코프로,86520,131500,31139,24.41%,N
20260126,메지온,140410,150800,2072,25.77%,N
20260126,에코프로비엠,247540,207500,12978,17.90%,N
20260126,레인보우로보틱스,277810,684000,19826,26.20%,N
20260126,에이비엘바이오,298380,246500,14559,24.18%,N
20260126,유일로보틱스,388720,135000,2034,28.57%,N
20260126,리브스메드,491000,80800,4588,18.82%,Y
20260123,삼천당제약,250,362500,9351,15.45%,N
20260122,삼성SDI,6400,399000,38723,20.91%,N
20260122,에프에스티,36810,39150,2828,23.50%,N
20260122,씨아이에스,222080,9240,2034,28.33%,N
20260122,레이크머티리얼즈,281740,21050,2509,27.65%,N
20260122,슈어소프트테크,298830,10210,4969,17.36%,N
20260121,현대차,5380,558000,67464,16.98%,N
20260121,HL만도,204320,74200,8695,20.65%,N
20260121,큐렉소,60280,18850,4860,26.26%,N
20260121,휴림로봇,90710,21500,13196,39.52%,N
20260121,하이젠알앤엠,160190,75800,2950,19.18%,N
20260121,로보로보,215100,11770,2052,35.29%,N
20260121,현대무벡스,319400,46350,6137,25.44%,N
20260121,뉴로메카,348340,115000,6367,16.63%,N
20260121,나라스페이스테크놀로지,478340,52600,8458,15.86%,Y
20260120,보성파워텍,6910,7800,4076,28.50%,N
20260120,우리기술,32820,7980,12332,26.67%,N
20260120,일진파워,94820,17610,2006,29.30%,N
20260119,두산로보틱스,454910,113700,12519,24.13%,N
20260119,이수스페셜티케미컬,457190,78200,3725,29.90%,N
20260119,우리기술,32820,6140,8735,28.18%,N
20260119,유진로봇,56080,33200,4920,26.48%,N
20260119,에스피지,58610,112400,9382,20.73%,N
20260119,휴림로봇,90710,16650,7779,17.25%,N
20260119,티로보틱스,117730,26800,2247,20.45%,N
20260119,현대무벡스,319400,34950,3322,16.11%,N
20260119,나우로보틱스,459510,37400,3008,22.42%,Y
20260119,클로봇,466100,77900,8130,15.07%,N
20260116,현대약품,4310,13190,3425,16.42%,N
20260116,서연이화,200880,16510,2464,15.94%,N
20260116,유진로봇,56080,26200,5444,19.63%,N
20260116,뉴로메카,348340,71900,3162,26.14%,N
20260115,포스코DX,22100,38650,10322,29.92%,N
20260115,포스코엠텍,9520,19420,3697,18.20%,N
20260115,유진로봇,56080,21950,3312,15.53%,N
20260115,휴림로봇,90710,11170,6176,17.09%,N
20260114,현대건설,720,94100,8446,46.12%,N
20260114,한화,880,125300,12441,22.24%,N
20260114,뉴로메카,348340,53300,5907,16.89%,N
20260113,현대모비스,12330,456000,11049,15.15%,N
20260113,뉴로메카,348340,43350,2020,27.50%,N
20260112,에스앤에스텍,101490,61700,2920,20.04%,N
20260109,한화시스템,272210,78300,26175,25.88%,N
20260109,우림피티에스,101170,18470,2330,15.08%,N
20260109,알지노믹스,476830,191400,6373,19.62%,Y
20260108,가온칩스,399720,64800,2040,19.78%,N
20260107,현대차,5380,357000,41337,15.35%,N
20260107,현대오토에버,307950,405500,17481,31.44%,N
20260107,슈어소프트테크,298830,9300,4347,15.96%,N
20260106,미래에셋증권,6800,29373,8590,15.69%,N
20260105,한미반도체,42700,173900,25397,19.19%,N
20260102,원익IPS,240810,80900,3009,17.42%,N
20260102,현대무벡스,319400,23700,6172,25.20%,N
20251230,제주반도체,80220,26750,9331,20.77%,N
20251229,원익홀딩스,30530,47750,8984,15.90%,N
20251229,휴림로봇,90710,7980,7430,26.67%,N
20251229,한라캐스트,125490,21350,4122,18.41%,Y
20251226,재영솔루텍,49630,20800,2292,20.41%,N
20251224,켄코아에어로스페이스,274090,18610,4509,27.90%,N
20251222,미래에셋벤처투자,100790,22200,5629,26.86%,N
20251222,에이치브이엠,295310,51600,2852,17.81%,N
20251222,현대무벡스,319400,16130,9881,18.26%,N
20251222,삼현,437730,56600,2343,16.82%,N
20251219,현대오토에버,307950,298500,6275,15.25%,N
20251219,에스피지,58610,85600,7879,18.72%,N
20251219,미래에셋벤처투자,100790,17430,7400,16.90%,N
20251216,아크릴,0007C0,67000,17612,45.97%,Y
20251216,메지온,140410,99100,2900,28.53%,N
20251215,에임드바이오,0009K0,70500,7276,24.78%,Y
20251215,원익홀딩스,30530,37500,8063,26.48%,N
20251212,삼성에피스홀딩스,0126Z0,661000,15876,15.76%,Y
20251212,에임드바이오,0009K0,55900,5689,17.68%,Y
20251212,비에이치아이,83650,64200,4881,20.90%,N
20251212,클로봇,466100,65200,9673,27.84%,N
20251211,일동제약,249420,40500,9106,19.29%,N
20251211,서부T&D,6730,14740,2565,25.55%,N
20251211,이뮨온시아,424870,13614,3484,20.42%,Y
20251209,테라뷰,950250,16000,9786,33.33%,Y
20251208,에코프로,86520,117500,21957,17.85%,N
20251204,현대오토에버,307950,285500,9762,26.89%,N
20251204,스맥,99440,7840,2761,15.12%,N
20251204,인벤티지랩,389470,97200,2804,24.94%,N
20251202,태성,323280,46750,3420,15.43%,N
20251202,프로티나,468530,98000,4407,19.80%,Y
20251201,한올바이오파마,9420,55500,3842,16.84%,N
20251128,에스피지,58610,61100,7958,18.87%,N
20251128,고영,98460,23700,9782,18.74%,N
20251128,코오롱티슈진,950160,85400,2769,22.00%,N
20251127,이뮨온시아,424870,10429,4021,23.60%,Y
20251127,삼현,437730,41600,3069,27.02%,N
20251125,ISC,95340,104300,2521,16.80%,N
20251120,펩트론,87010,391500,3933,17.04%,N
20251119,에스피지,58610,37600,5536,21.29%,N
20251112,재영솔루텍,49630,9175,2548,20.41%,N
20251112,리가켐바이오,141080,172000,8154,18.46%,N
20251112,에이비엘바이오,298380,126700,2679,29.29%,N
20251111,지투지바이오,456160,89600,5286,20.59%,Y
20251107,이노테크,469610,58800,3441,16.90%,Y
20251105,대한광통신,10170,2899,2383,24.74%,N
20251105,노타,486990,52300,7675,21.35%,Y
20251104,SK바이오사이언스,302440,58900,2090,15.94%,N
20251104,이오테크닉스,39030,284000,3255,16.16%,N
20251104,강원에너지,114190,18400,3513,16.31%,N
20251104,노타,486990,40300,7994,20.30%,Y
20251103,두산로보틱스,454910,92500,10133,18.44%,N
20251103,로보스타,90360,101700,3826,15.83%,N
20251103,로보티즈,108490,274500,7105,23.37%,N
20251103,필옵틱스,161580,54800,5661,28.34%,N
20251103,노타,486990,31000,9058,37.78%,Y
20251031,현대오토에버,307950,209500,5606,26.28%,N
20251031,레인보우로보틱스,277810,434500,20078,21.37%,N
20251031,디앤디파마텍,347850,69583,5363,15.83%,N
20251030,한국화장품,123690,13040,2975,26.23%,N
20251028,두산퓨얼셀,336260,40800,6696,29.73%,N
20251027,삼성중공업,10140,30050,16617,19.01%,N
20251027,후성,93370,9590,2773,20.33%,N
20251027,삼익제약,14950,9720,2051,43.57%,Y
20251024,포스코퓨처엠,3670,239500,7396,17.40%,N
20251024,이수화학,5950,11910,2738,16.20%,N
20251024,로보스타,90360,79800,6659,16.16%,N
20251023,LS ELECTRIC,10120,74300,8874,16.28%,N
20251023,심텍,222800,58500,3185,15.38%,N
20251022,에코프로,86520,88200,16325,15.29%,N
20251021,삼영엠텍,54540,18090,3990,23.14%,N
20251020,미래에셋증권,6800,25589,4539,18.98%,N
20251020,휴림로봇,90710,5980,4463,26.03%,N
20251020,로보로보,215100,9540,3028,28.05%,N
20251020,제닉스로보틱스,381620,17580,2312,16.12%,N
20251016,두산에너빌리티,34020,83400,15725,43.55%,N
20251016,로킷헬스케어,376900,34400,3423,17.81%,Y
20251015,한라캐스트,125490,10940,5614,24.32%,Y
20251015,하이젠알앤엠,160190,70200,4408,30.97%,N
20251015,현대무벡스,319400,12800,4427,18.74%,N
20251014,로보스타,90360,62900,6018,28.63%,N
20251014,현대무벡스,319400,10430,3161,17.59%,N
20251013,대한전선,1440,18300,4678,21.03%,N
20251013,하나마이크론,67310,28000,2018,18.14%,N
20251010,원익홀딩스,30530,19070,2045,25.30%,N
20251010,로보티즈,108490,191300,8159,22.16%,N
20251010,삼현,437730,27200,2301,22.80%,N
20251010,클로봇,466100,36550,4336,27.13%,Y
20250929,일동제약,249420,33900,9182,25.09%,N
20250924,에스투더블유,488280,35950,3994,17.10%,Y
20250923,우진,105840,15100,2368,18.71%,N
20250923,한라캐스트,125490,8660,4965,17.34%,Y
20250923,에스투더블유,488280,29700,2268,29.13%,Y
20250922,삼천당제약,250,275500,5621,21.37%,N
20250922,디앤디파마텍,347850,53940,5330,33.36%,N
20250919,다날,64260,11090,9554,20.28%,N
20250919,로보티즈,108490,132632,9507,21.50%,N
20250919,올릭스,226950,100100,4963,17.08%,N
20250918,로보스타,90360,44200,5140,28.86%,N
20250917,온코닉테라퓨틱스,476060,11175,3190,20.16%,Y
20250915,파미셀,5690,14380,2769,21.76%,N
20250915,테크윙,89030,50300,4322,18.21%,N
20250915,지투지바이오,456160,65566,6366,15.51%,Y
20250912,엘앤씨바이오,290650,59300,2591,23.28%,N
20250911,농심,4370,532000,2870,28.81%,N
20250911,SK오션플랜트,100090,29100,5728,21.76%,N
20250911,범한퓨얼셀,382900,31450,2394,21.66%,N
20250910,세진중공업,75580,26400,5972,15.79%,N
20250910,HJ중공업,97230,33100,11336,25.62%,N
20250910,지투지바이오,456160,55728,3441,24.15%,Y
20250909,원익홀딩스,30530,11360,4165,21.24%,N
20250909,일승,333430,8030,2115,16.72%,N
20250909,삼현,437730,19330,4148,28.27%,N
20250909,클로봇,466100,25800,5642,15.70%,Y
20250908,세진중공업,75580,24000,5338,23.71%,N
20250908,오리엔탈정공,14940,11440,3749,30.44%,N
20250905,HJ중공업,97230,27600,6358,15.24%,N
20250905,엘앤씨바이오,290650,42150,2819,29.29%,N
20250904,삼영엠텍,54540,11650,2698,20.10%,N
20250904,프로티나,468530,24600,2289,17.99%,Y
20250903,파인엠텍,441270,13470,3010,15.52%,N
20250902,올릭스,226950,76400,4640,25.25%,N
20250901,삼양컴텍,484590,19480,4359,19.44%,Y
20250829,HJ중공업,97230,19030,6110,22.07%,N
20250828,현대힘스,460930,27000,5059,15.14%,N
20250826,원익홀딩스,30530,7550,3399,16.33%,N
20250825,로보티즈,108490,98938,6313,18.55%,N
20250821,보성파워텍,6910,4070,2424,21.31%,N
20250818,지투지바이오,456160,40654,2793,31.36%,Y
20250814,STX엔진,77970,35950,2997,24.61%,N
20250813,LG디스플레이,34220,13280,7097,21.17%,N
20250813,덕산네오룩스,213420,46600,2049,24.43%,N
20250812,좋은사람들,33340,2645,2879,16.26%,N
20250807,HJ중공업,97230,13600,5512,17.85%,N
20250807,오리엔탈정공,14940,7920,2384,25.52%,N
20250805,대한조선,439260,103800,9111,30.08%,Y
20250804,HJ중공업,97230,10700,3125,23.84%,N
20250730,대덕전자,353200,23500,3113,16.34%,N
20250730,네이처셀,7390,36650,3548,22.17%,N
20250724,SNT에너지,100840,49250,2388,29.10%,N
20250724,에이비엘바이오,298380,88200,9281,17.60%,N
20250723,하이스틸,71090,5780,2237,23.77%,N
20250723,삼천당제약,250,213500,4888,29.63%,N
20250722,휴메딕스,200670,70900,2625,19.97%,N
20250721,태웅,44490,43500,2810,27.38%,N
20250717,펩트론,87010,283000,4150,19.92%,N
20250716,쿠콘,294570,50400,5465,32.28%,N
20250715,풍산,103140,156600,4768,17.74%,N
20250715,로보티즈,108490,83942,4489,15.55%,N
20250714,KCTC,9070,7340,2993,18.77%,N
20250711,싸이닉솔루션,234030,13000,5495,17.65%,Y
20250710,제주은행,6220,18470,4650,16.53%,N
20250710,더즌,462860,6570,4619,25.38%,Y
20250709,롯데지주,4990,36950,3389,17.49%,N
20250709,NHN KCP,60250,15080,3515,27.91%,N
20250708,KBI동양철관,8970,3646,6008,26.51%,N
20250707,다날,64260,9740,9478,23.60%,N
20250704,다날,64260,8190,8520,15.19%,N
20250703,현대제철,4020,36300,3448,17.86%,N
20250703,에코플라스틱,38110,3960,2303,16.99%,N
20250701,원익홀딩스,30530,6480,2433,15.71%,N
20250701,원익,32940,9590,2677,15.96%,N
20250701,다날,64260,7350,5718,28.50%,N
20250627,코오롱,2020,52300,2303,17.00%,N
20250627,휴림로봇,90710,3130,3623,19.69%,N
20250625,DL이앤씨,375500,60800,2828,24.34%,N
20250624,한국전력,15760,35850,12544,26.23%,N
20250624,카카오뱅크,323410,36450,16909,15.35%,N
20250624,헥토파이낸셜,234340,21347,2277,18.17%,N
20250624,카카오게임즈,293490,23500,3013,29.55%,N
20250623,미래에셋증권,6800,22154,5197,15.40%,N
20250623,두산에너빌리티,34020,69100,37501,17.12%,N
20250623,SK이터닉스,475150,28700,7333,28.70%,N
20250623,로보티즈,108490,79754,4952,28.77%,N
20250620,두산퓨얼셀,336260,23100,3701,16.67%,N
20250620,카카오페이,377300,79600,4804,28.39%,N
20250619,신세계 I&C,35510,21000,2119,19.93%,N
20250619,한전KPS,51600,60700,2732,15.84%,N
20250618,콜마홀딩스,24720,15950,2337,30.31%,N
20250618,NAVER,35420,247000,24551,20.78%,N
20250618,한글과컴퓨터,30520,34250,2033,15.91%,N
20250618,더즌,462860,4995,3121,15.89%,Y
20250616,한화,880,102500,3445,15.43%,N
20250616,삼성에스디에스,18260,169600,2381,23.62%,N
20250616,한화시스템,272210,64400,13247,17.30%,N
20250616,우리기술,32820,3380,6897,21.58%,N
20250616,헥토파이낸셜,234340,18776,2073,16.85%,N
20250616,디앤디파마텍,347850,31788,2817,29.99%,N
20250613,풍산,103140,105100,8398,16.13%,N
20250612,아난티,25980,10120,5441,20.48%,N
20250611,한국정보인증,53300,8950,3231,16.08%,N
20250611,실리콘투,257720,60700,6092,16.96%,N
20250610,풍산,103140,80200,2612,21.15%,N
20250610,한화시스템,272210,53700,12884,24.88%,N
20250610,다날,64260,5930,4262,26.84%,N
20250609,카카오,35720,53500,12834,20.77%,N
20250609,카카오뱅크,323410,29550,4564,21.36%,N
20250609,솔트룩스,304100,55400,4668,15.42%,N
20250605,일신석재,7110,2655,2279,18.79%,N
20250605,성광벤드,14620,34700,2429,21.97%,N
20250605,쿠콘,294570,35750,2945,30.00%,N
20250604,한화,880,92900,5149,17.59%,N
20250604,코나아이,52400,59000,5463,25.40%,N
20250604,솔트룩스,304100,43150,4125,15.68%,N
20250602,태웅,44490,27500,3346,22.49%,N
20250529,미래에셋증권,6800,16489,3119,22.85%,N
20250529,HD현대,267250,115100,2452,16.73%,N
20250527,에이비엘바이오,298380,82700,5640,22.52%,N
20250526,달바글로벌,483650,140600,4781,15.53%,Y
20250526,인투셀,287840,42600,4033,30.88%,Y
20250526,현대힘스,460930,22700,2794,27.53%,N
20250521,세진중공업,75580,12030,2465,28.94%,N
20250519,원익홀딩스,30530,5310,2625,16.83%,N
20250519,이뮨온시아,424870,7216,14054,33.93%,Y
20250516,HD현대에너지솔루션,322000,46750,2294,15.29%,N
20250516,비에이치아이,83650,38100,4438,17.05%,N
20250516,오가노이드사이언스,476040,45550,4665,17.40%,Y
20250515,로킷헬스케어,376900,21450,4971,26.77%,Y
20250514,한진칼,180640,150600,2022,29.94%,N
20250514,로보티즈,108490,47716,2655,28.10%,N
20250513,유진로봇,56080,12510,2726,19.71%,N
20250513,디앤디파마텍,347850,22352,2392,24.90%,N
20250509,원일티엔아이,136150,35900,7755,52.12%,Y
20250509,오가노이드사이언스,476040,32000,7950,25.98%,Y
20250508,에이피알,278470,99300,9264,30.14%,N
20250429,더즌,462860,4725,2410,24.34%,Y
20250425,한국선재,25550,5610,3048,20.39%,N
20250422,네이처셀,7390,33250,2156,30.39%,N
20250421,대주산업,3310,3315,2243,18.39%,N
20250414,솔트룩스,304100,39950,4203,20.33%,N
20250411,펩트론,87010,164700,4070,31.65%,N
20250410,한텍,98070,42750,4317,29.94%,Y
20250407,대상홀딩스,84690,16930,2695,15.96%,N
20250407,코나아이,52400,45600,2427,25.62%,N
20250407,안랩,53800,111800,3612,17.68%,N
20250404,안랩,53800,94000,2474,25.33%,N
20250403,유일로보틱스,388720,93900,3069,30.60%,N
20250327,에어레인,163280,9070,2699,16.28%,Y
20250321,한텍,98070,30450,5524,20.12%,Y
20250319,서울보증보험,31210,37400,4582,16.88%,Y
20250318,에어레인,163280,9500,2349,25.50%,Y
20250317,오리엔트정공,65500,9640,2169,22.18%,N
20250304,휴스틸,5010,5600,2030,16.18%,N
20250304,넥스틸,92790,14140,2391,31.53%,N
20250224,위너스일렉,479960,34000,8413,44.99%,Y
20250218,LS ELECTRIC,10120,56800,4992,17.84%,N
20250218,에이비엘바이오,298380,46900,3224,20.26%,N
20250218,유일로보틱스,388720,65000,2184,20.37%,N
20250218,오름테라퓨틱,475830,36750,3415,15.02%,Y
20250214,에이치브이엠,295310,32750,2606,20.63%,Y
20250213,한화비전,489790,54400,7157,30.46%,Y
20250213,대동기어,8830,24850,2804,15.85%,N
20250212,한화시스템,272210,32800,14217,27.63%,N
20250212,아이에스티이,212710,22500,9028,55.93%,Y
20250211,삼양엔씨켐,482630,14375,4415,27.21%,Y
20250207,전진건설로봇,79900,54600,3193,26.10%,Y
20250207,대동기어,8830,19490,2401,25.10%,N
20250206,현대로템,64350,71500,5867,17.60%,N
20250206,필옵틱스,161580,38300,2703,23.35%,N
20250205,클로봇,466100,14580,4850,27.78%,Y
20250131,레인보우로보틱스,277810,299500,5152,23.25%,N
20250117,LS에코에너지,229640,50800,3495,24.36%,N
20250115,산일전기,62040,81600,2241,15.25%,Y
20250110,전진건설로봇,79900,42600,2720,20.85%,Y
20250108,신세계 I&C,35510,16710,3481,16.04%,N
20250107,제이씨현시스템,33320,6990,2315,16.50%,N
20241219,SG글로벌,1380,9347,3484,28.34%,N
20241219,전진건설로봇,79900,35300,2492,30.26%,Y
20241216,엑스게이트,356680,10510,3615,18.62%,N
20241212,엑스게이트,356680,9250,3339,22.52%,N
20241210,브이티,18290,42550,2396,20.54%,N
20241206,동신건설,25950,44050,2237,21.02%,N
20241206,에이텍,45660,29500,2188,25.80%,N
20241120,위츠,459100,14690,18093,116.67%,Y
20241114,한화오션,42660,39200,7431,15.46%,N
20241111,펩트론,87010,110300,3188,16.35%,N
20241023,샤페론,378800,4733,2017,19.70%,N
20241018,와이제이링크,209640,10900,14409,70.85%,Y
20241016,대화제약,67080,21750,3109,20.03%,N
20241016,펩트론,87010,97500,5068,19.78%,N
20241011,에이비엘바이오,298380,40500,4335,15.22%,N
20241008,대화제약,67080,17290,2296,30.39%,N
20240920,유한양행,100,145400,20360,15.86%,N
20240920,넥스트바이오메디컬,389650,47400,3910,16.61%,Y
20240919,바이넥스,53030,27000,4527,18.94%,N
20240909,대봉엘에스,78140,22350,2148,24.17%,N
20240828,유한양행,100,135500,25291,20.23%,N
20240827,넥스트바이오메디컬,389650,33950,3517,24.36%,Y
20240821,화성밸브,39610,14310,3539,23.90%,N
20240821,티디에스팜,464280,52000,12224,92.59%,Y
20240819,씨젠,96530,34450,5269,21.73%,N
20240806,휴니드,5870,10330,3019,18.06%,N
20240806,아이빔테크놀로지,460470,13360,8739,33.60%,Y
20240801,넥슨게임즈,225570,28800,3428,19.75%,N
20240725,예스24,53280,6190,2053,22.57%,N
20240724,동구바이오제약,6620,8500,2008,20.74%,N
20240723,LS ELECTRIC,10120,51800,5146,16.40%,N
20240723,HD현대일렉트릭,267260,346000,6799,15.91%,N
20240723,화성밸브,39610,10990,2048,15.08%,N
20240723,대봉엘에스,78140,18950,2719,16.90%,N
20240719,펩트론,87010,78497,4108,31.92%,N
20240710,한중엔시에스,107640,55500,3221,18.09%,N
20240709,한전산업,130660,14670,2268,27.01%,N
20240709,우리기술,32820,2825,5228,16.26%,N
20240709,HB테크놀러지,78150,4550,4277,24.49%,N
20240702,대봉엘에스,78140,14210,2489,17.24%,N
20240701,솔루스첨단소재,336370,23050,5408,24.73%,N
20240701,펩트론,87010,56499,3225,18.02%,N
20240627,세명전기,17510,9010,3221,24.62%,N
20240626,데브시스터즈,194480,75700,2124,15.05%,N
20240625,삼성공조,6660,17300,2797,19.72%,N
20240625,워트,396470,16050,2675,25.29%,Y
20240621,GS,78930,53900,2371,20.85%,N
20240621,제룡전기,33100,84500,4238,16.71%,N
20240621,제룡산업,147830,9830,4464,26.84%,N
20240617,제이앤티씨,204270,22100,3454,16.62%,N
20240614,CJ씨푸드,11150,6320,4256,22.96%,N
20240613,한국가스공사,36460,51800,9489,16.54%,N
20240611,대주전자재료,78600,155800,6088,21.34%,N
20240610,덕산테코피아,317330,51000,2063,21.43%,N
20240605,화성밸브,39610,9870,4879,18.49%,N
20240604,알테오젠,196170,233500,10632,16.87%,N
20240604,에이팩트,200470,7250,2220,31.10%,N
20240603,한국가스공사,36460,38700,4981,29.87%,N
20240531,와이씨,232140,17910,6671,28.57%,N
20240530,대주전자재료,78600,121300,2644,15.30%,N
20240527,우진엔텍,457550,43800,2928,18.70%,Y
20240524,CJ씨푸드,11150,5050,2271,22.87%,N
20240524,이삭엔지니어링,351330,17870,2632,32.57%,N
20240523,노브랜드,145170,28366,15481,75.16%,Y
20240520,LS에코에너지,229640,36300,5410,22.64%,N
20240517,아이씨티케이,456010,28700,10716,43.57%,Y
20240516,켐트로닉스,89010,34800,4429,17.97%,N
20240513,대한전선,1440,18110,14938,20.73%,N
20240510,실리콘투,257720,26250,4665,19.32%,N
20240509,폴라리스오피스,41020,9660,5770,22.43%,N
20240509,클래시스,214150,48500,2839,19.02%,N
20240509,실리콘투,257720,20200,2586,28.58%,N
20240508,HD현대마린솔루션,443060,163900,21896,36.70%,Y
20240508,폴라리스AI,39980,18713,4054,31.00%,N
20240507,대원전선,6340,4170,5071,26.36%,N
20240502,제일일렉트릭,199820,9439,2906,16.92%,N
20240426,가온전선,500,47100,2142,21.08%,N
20240424,제룡전기,33100,61500,2994,16.04%,N
20240418,디아이,3160,24300,2662,20.00%,N
20240418,와이씨,232140,9460,4255,32.12%,N
20240417,유니셈,36200,11700,3259,19.27%,N
20240415,디아이,3160,22650,3118,19.53%,N
20240412,AP시스템,265520,27850,2140,18.01%,N
20240409,더존비즈온,12510,57800,2240,19.18%,N
20240409,자람테크놀로지,389020,112500,3675,18.42%,N
20240408,HLB테라퓨틱스,115450,14968,3625,15.97%,N
20240404,디아이,3160,16140,3232,19.11%,N
20240404,SKC,11790,122751,2496,15.57%,N
20240404,SK이터닉스,475150,22043,4530,19.96%,Y
20240404,이오테크닉스,39030,259000,3294,16.40%,N
20240404,하나마이크론,67310,28468,9718,17.67%,N
20240403,와이씨켐,112290,11330,2769,17.91%,N
20240403,필옵틱스,161580,27350,6393,23.48%,N
20240403,아이엠비디엑스,461030,36000,11193,26.09%,Y
20240402,엑시콘,92870,31909,5433,20.61%,N
20240328,한미반도체,42700,134000,13111,16.12%,N
20240328,가온칩스,399720,123000,5985,23.99%,N
20240326,삼천당제약,250,140400,13303,18.88%,N
20240326,엔젤로보틱스,455900,65000,19564,28.71%,Y
20240325,HLB생명과학,67630,23680,3294,18.54%,N
20240321,HLB제약,47920,39700,3298,20.67%,N
20240321,한국비엔씨,256840,9090,2354,16.39%,N
20240320,엑시콘,92870,29422,4026,16.48%,N
20240318,에스티팜,237690,96300,2718,18.45%,N
20240314,선익시스템,171090,46050,2495,25.82%,N
20240313,HLB생명과학,67630,18360,5318,16.80%,N
20240312,GST,83450,28167,3923,21.25%,N
20240312,엑시콘,92870,29278,3681,33.62%,N
20240311,시노펙스,25320,10181,2650,28.97%,N
20240311,리노공업,58470,48549,2565,16.87%,N
20240308,HLB,28300,98000,11907,22.50%,N
20240308,레이크머티리얼즈,281740,29650,5591,16.27%,N
20240307,폴라리스AI,39980,14535,2001,17.14%,N
20240306,리가켐바이오,141080,77600,9438,20.87%,N
20240304,GST,83450,24283,2224,18.89%,N
20240304,덕산테코피아,317330,38650,2441,31.02%,N
20240228,주성엔지니어링,36930,40000,5047,15.27%,N
20240227,큐알티,405100,37300,4110,15.12%,N
20240223,GC메디아이,32620,7170,4831,16.97%,N
20240222,가온칩스,399720,110300,6231,20.68%,N
20240221,삼익THK,4380,23885,2430,16.86%,N
20240221,네패스아크,330860,36900,2192,20.59%,N
20240220,솔브레인홀딩스,36830,85400,3494,16.67%,N
20240220,신성델타테크,65350,148400,6704,24.08%,N
20240219,엔켐,348370,301500,5283,25.10%,N
20240216,에스피소프트,443670,16820,7294,25.80%,Y
20240215,우리기술투자,41190,8530,4027,16.21%,N
20240215,에스피소프트,443670,12940,4627,55.16%,Y
20240214,오픈엣지테크놀로지,394280,31900,2128,18.59%,N
20240213,엔켐,348370,267500,6275,26.48%,N
20240213,가온칩스,399720,87300,3688,16.40%,N
20240213,HPSP,403870,59300,9196,20.04%,N
20240208,한미반도체,42700,78500,8920,28.27%,N
20240207,신성델타테크,65350,117300,5021,16.02%,N
20240207,하이비젼시스템,126700,25250,2503,17.99%,N
20240205,신성델타테크,65350,102300,5958,17.59%,N
20240201,엔켐,348370,180800,2541,18.40%,N
20240131,하이비젼시스템,126700,24450,3965,19.27%,N
20240130,비트컴퓨터,32850,7760,2251,25.97%,N
20240129,씨젠,96530,29000,2657,20.58%,N
20240129,엔켐,348370,169500,7787,19.87%,N
20240126,HLB,28300,65200,10269,17.69%,N
20240126,신성델타테크,65350,89500,4580,18.86%,N
20240126,나무가,190510,20850,2828,23.37%,N
20240125,LB세미콘,61970,9170,2572,21.78%,N
20240125,코세스,89890,20350,2694,16.55%,N
20240122,네오셈,253590,14270,3208,21.97%,N
20240118,엔켐,348370,129000,3549,16.53%,N
20240117,빅텍,65450,6900,6922,18.97%,N
20240116,한미사이언스,8930,56200,6340,32.86%,N
20240111,한화투자증권,3530,4400,2520,15.79%,N
20240110,한글과컴퓨터,30520,24750,7183,18.14%,N
20240109,한빛레이저,452190,12480,2479,19.88%,Y
20240108,한글과컴퓨터,30520,19460,2968,27.94%,N
20240108,신성델타테크,65350,72500,6256,16.19%,N
20240108,한빛레이저,452190,9600,3397,33.15%,Y
20240102,셀트리온제약,68760,111965,5583,29.51%,N
20240102,제주반도체,80220,16700,3677,24.91%,N
20240102,퀄리타스반도체,432720,44602,2366,16.19%,Y
20231222,씨싸이트,109670,44250,4281,28.26%,Y
20231221,알테오젠,196170,88100,5495,22.02%,N
20231220,하림,136480,4905,3220,27.07%,N
20231218,에코프로머티,450080,213000,18644,24.49%,Y
20231218,두산로보틱스,454910,107800,8298,15.05%,Y
20231218,LS머트리얼즈,417200,39900,10191,18.57%,Y
20231215,에코프로머티,450080,169000,16756,17.20%,Y
20231212,SFA반도체,36540,6590,3589,24.34%,N
20231212,LS머트리얼즈,417200,24000,9581,20.36%,Y
20231211,엑스게이트,356680,7550,3009,29.28%,Y
20231208,제주반도체,80220,11280,3957,21.29%,N
20231206,대상홀딩스,84690,13310,2151,32.17%,N
20231206,케이엔에스,432470,46000,7713,29.58%,Y
20231204,갤럭시아머니트리,94480,11350,2222,17.74%,N
20231201,시노펙스,25320,4376,2636,20.75%,N
20231130,LS에코에너지,229640,16800,3097,23.62%,N
20231127,에코프로머티,450080,124600,15564,19.92%,Y
20231127,에이직랜드,445090,54400,2449,21.84%,Y
20231124,그린리소스,402490,26166,13540,77.29%,Y
20231122,큐로셀,372320,34450,2428,31.74%,Y
20231121,에코아이,448280,20765,6569,35.14%,Y
20231120,메디아나,41920,10240,2397,27.84%,N
20231117,에코프로머티,450080,57200,21970,33.02%,Y
20231115,캡스톤파트너스,452300,9180,5328,31.14%,Y
20231113,에스와이스틸텍,365330,3349,5804,23.17%,Y
20231106,종근당,185750,116685,3135,21.44%,N
20231102,지구홀딩스,221800,8550,3516,42.50%,N
20231101,워트,396470,15240,3518,20.00%,Y
20231020,이랜시스,264850,6430,2173,23.18%,N
20231018,휴니드,5870,9270,3085,19.77%,N
20231017,극동유화,14530,5260,2128,16.11%,N
20231017,아이엠티,451220,31700,2533,22.87%,Y
20231016,대성에너지,117580,12920,2001,16.29%,N
20231013,흥구석유,24060,13500,4157,16.58%,N
20231011,흥구석유,24060,10070,3034,21.77%,N
20230925,이랜시스,264850,5920,2263,18.40%,N
20230925,인스웨이브,450520,17186,7871,42.66%,Y
20230921,비츠로테크,42370,12100,4405,20.40%,N
20230919,롯데손해보험,400,3105,2263,15.86%,N
20230918,머큐리,100590,8890,2516,15.16%,N
20230914,주성엔지니어링,36930,31700,3866,16.12%,N
20230912,퓨런티어,370090,39800,2499,22.09%,N
20230911,두산,150,149100,6336,24.25%,N
20230907,유진로봇,56080,14100,4625,22.29%,N
20230907,HB테크놀러지,78150,3780,2103,29.67%,N
20230905,루닛,328130,52275,4516,27.55%,N
20230905,뷰노,338220,64200,3601,18.01%,N
20230904,대동,490,13980,2517,32.14%,N
20230904,포스코DX,22100,58200,8442,16.17%,N
20230901,하나마이크론,67310,23595,4735,28.97%,N
20230901,스마트레이더시스템,424960,30000,3726,31.87%,Y
20230831,포스코DX,22100,56100,14093,15.67%,N
20230831,파로스아이바이오,388870,25000,2440,27.81%,Y
20230830,스마트레이더시스템,424960,22100,3623,20.96%,Y
20230829,뷰노,338220,50100,2729,19.29%,N
20230828,우리로,46970,2750,2354,18.53%,N
20230825,스마트레이더시스템,424960,17210,4341,19.10%,Y
20230824,폴라리스오피스,41020,7150,4786,26.10%,N
20230824,큐렉소,60280,24400,5735,20.79%,N
20230823,디알텍,214680,5200,5007,21.92%,N
20230822,큐리옥스바이오시스템즈,445680,16428,2278,28.56%,Y
20230821,센코,347000,5680,2423,15.45%,N
20230818,한미반도체,42700,57800,9585,20.67%,N
20230816,LS에코에너지,229640,17180,4202,18.48%,N
20230816,비츠로테크,42370,11950,2246,17.85%,N
20230816,한양이엔지,45100,24400,2649,23.23%,N
20230814,LS에코에너지,229640,13220,3617,15.46%,N
20230814,티로보틱스,117730,33450,2057,18.20%,N
20230814,파두,440110,39900,5224,30.82%,Y
20230811,파워로직스,47310,12870,4168,26.42%,N
20230810,아난티,25980,8430,2598,22.53%,N
20230810,엠아이큐브솔루션,373170,14778,2113,15.06%,Y
20230810,큐리옥스바이오시스템즈,445680,8667,5163,33.32%,Y
20230808,유진로봇,56080,9280,5199,17.62%,N
20230807,덕성,4830,11900,2770,29.63%,N
20230807,서남,294630,12610,8379,15.27%,N
20230804,폴라리스오피스,41020,6140,2595,18.99%,N
20230804,에코프로에이치엔,383310,103598,8567,26.20%,N
20230803,덕성,4830,9690,2107,23.44%,N
20230803,모비스,250060,4400,2889,19.40%,N
20230803,파로스아이바이오,388870,18920,2039,23.58%,Y
20230802,LS에코에너지,229640,10490,2833,23.70%,N
20230801,폴라리스오피스,41020,5500,2067,15.06%,N
20230801,신성델타테크,65350,19730,2553,26.07%,N
20230801,서남,294630,6500,2097,15.45%,N
20230801,솔트룩스,304100,45350,5825,17.79%,N
20230731,두산,150,106500,2205,18.20%,N
20230727,ISC,95340,107300,2162,16.25%,N
20230725,LS,6260,120100,3114,28.45%,N
20230725,LS ELECTRIC,10120,23100,4224,23.27%,N
20230724,포스코인터내셔널,47050,66000,7198,28.91%,N
20230720,포스코DX,22100,31050,13159,18.29%,N
20230720,이녹스첨단소재,272290,48250,2379,15.57%,N
20230718,에코프로비엠,247540,326000,18321,15.40%,N
20230717,가온칩스,399720,45500,2155,15.19%,N
20230713,포스코DX,22100,25250,14441,16.90%,N
20230713,한미반도체,42700,41200,7981,26.19%,N
20230712,TCC스틸,2710,51700,2227,15.02%,N
20230711,포스코DX,22100,20250,9788,23.55%,N
20230706,성우하이텍,15750,13520,8538,23.13%,N
20230703,신성이엔지,11930,29550,4065,24.68%,N
20230703,에코프로,86520,178150,25127,17.62%,N
20230703,칩스앤미디어,94360,19200,2350,22.10%,N
20230630,삼보모터스,53700,7370,2073,18.11%,N
20230630,오픈놀,440320,15750,9294,21.15%,Y
20230628,알루코,1780,4950,3111,23.29%,N
20230626,큐렉소,60280,17500,2809,23.24%,N
20230626,동운아나텍,94170,14581,2105,26.90%,N
20230626,루닛,328130,39014,5149,18.73%,Y
20230623,기가비스,420770,92000,2201,28.67%,Y
20230622,코오롱인더,120110,55300,2442,15.93%,N
20230620,루닛,328130,29577,3558,26.89%,Y
20230619,한화에어로스페이스,12450,139868,4544,16.06%,N
20230619,애경케미칼,161000,26650,4269,15.87%,N
20230619,에스와이,109610,5390,2966,17.30%,N
20230616,동국제강,460860,14840,3102,26.08%,Y
20230615,보라티알,250000,21250,2446,22.62%,N
20230614,애경케미칼,161000,22500,5138,15.50%,N
20230613,이수스페셜티케미컬,457190,80600,7160,20.84%,Y
20230612,이수스페셜티케미컬,457190,62000,3232,24.00%,Y
20230609,이수페타시스,7660,17301,6867,19.96%,N
20230608,포스코인터내셔널,47050,38700,5359,16.57%,N
20230608,마녀공장,439090,41600,4389,30.00%,Y
20230607,이수스페셜티케미컬,457190,42000,4980,26.66%,Y
20230602,인성정보,33230,3834,3024,23.84%,N
20230601,두올,16740,4840,2515,21.61%,N
20230519,한미반도체,42700,25950,6516,18.49%,N
20230512,남선알미늄,8350,3015,2711,18.00%,N
20230512,슈어소프트테크,298830,12030,2546,16.01%,Y
20230511,크리스탈신소재,900250,2735,2304,19.43%,N
20230510,애경케미칼,161000,21350,5685,19.61%,N
20230510,아진산업,13310,4440,2212,18.88%,N
20230508,디와이덕양,24900,8410,2208,22.42%,N
20230504,삼영,3720,5380,2457,24.97%,N
20230503,유니온,910,11330,4503,17.17%,N
20230503,유니온머티리얼,47400,6720,4037,23.76%,N
20230502,유니온머티리얼,47400,5170,3000,18.04%,N
20230502,바이오니아,64550,73300,5479,22.58%,N
20230428,디와이덕양,24900,5690,2268,15.77%,N
20230425,유니온,910,9800,4800,16.25%,N
20230421,한농화성,11500,26150,5996,23.35%,N
20230419,KG케미칼,1390,12140,3037,17.18%,N
20230419,이구산업,25820,6980,2619,17.11%,N
20230419,KG에코솔루션,151860,25900,2556,25.12%,N
20230419,하나기술,299030,89200,3646,18.93%,N
20230418,동국산업,5160,10750,3971,27.22%,N
20230418,이브이첨단소재,131400,13760,2951,16.31%,N
20230418,레이크머티리얼즈,281740,15600,7463,19.54%,N
20230417,포스코DX,22100,15600,10482,24.80%,N
20230417,포스코엠텍,9520,32800,5099,17.14%,N
20230417,이브이첨단소재,131400,10590,3364,18.99%,N
20230414,포스코엠텍,9520,28400,6210,18.09%,N
20230413,포스코DX,22100,11660,6127,15.45%,N
20230413,이브이첨단소재,131400,8150,5852,21.64%,N
20230412,성우하이텍,15750,10060,6376,15.90%,N
20230411,에코플라스틱,38110,5661,4229,20.83%,N
20230411,레이크머티리얼즈,281740,11140,4339,25.03%,N
20230410,TCC스틸,2710,37300,2070,21.90%,N
20230410,동국산업,5160,7830,2935,19.54%,N
20230410,에코프로,86520,141656,24361,22.17%,N
20230407,DB,12030,2560,2597,33.33%,N
20230407,앱튼,270520,66700,7476,29.03%,N
20230406,아바코,83930,20600,2121,25.53%,N
20230405,인탑스,49070,42900,3951,15.48%,N
20230403,코스모신소재,5070,187978,5289,17.83%,N
20230403,코스모화학,5420,63763,4617,26.81%,N
20230403,하이드로리튬,101670,49750,3662,19.02%,N
20230403,나노신소재,121600,175700,4745,18.32%,N
20230330,미래반도체,254490,30550,2790,19.10%,Y
20230330,앱튼,270520,31516,2664,15.67%,N
20230330,에스피시스템스,317830,16050,2048,28.40%,N
20230329,포스코엠텍,9520,22750,5884,18.80%,N
20230329,에코프로,86520,97806,13136,15.53%,N
20230329,나노팀,417010,34900,2206,24.87%,Y
20230328,이수페타시스,7660,10318,4908,15.96%,N
20230328,포스코DX,22100,8640,4869,25.76%,N
20230327,삼천당제약,250,78800,3967,16.91%,N
20230327,포스코엠텍,9520,18250,4208,28.88%,N
20230327,제이오,418550,33300,2326,24.02%,Y
20230324,한미반도체,42700,19940,5487,18.34%,N
20230324,MDS테크,86960,9408,6415,20.32%,N
20230323,이수화학,5950,23850,5240,15.36%,N
20230323,셀바스AI,108860,33482,6074,16.27%,N
20230323,에코프로에이치엔,383310,81252,6388,23.61%,N
20230322,조일알미늄,18470,3030,3781,23.17%,N
20230321,이수화학,5950,19550,2984,18.13%,N
20230321,한농화성,11500,20500,3125,23.12%,N
20230321,강원에너지,114190,23650,2447,27.56%,N
20230320,코스모신소재,5070,104806,3052,15.96%,N
20230320,HPSP,403870,23200,2476,24.73%,Y
20230317,셀트리온제약,68760,85020,2789,18.07%,N
20230316,레이크머티리얼즈,281740,8160,3106,18.60%,N
20230315,삼아알미늄,6110,54000,2139,26.76%,N
20230315,엘컴텍,37950,9484,2734,21.02%,N
20230315,에스피지,58610,28150,5689,17.78%,N
20230314,금양그린파워,282720,21050,2797,33.99%,Y
20230313,에코프로,86520,70926,9469,17.18%,N
20230310,강원에너지,114190,15800,2749,27.01%,N
20230308,에코프로,86520,65531,7337,17.19%,N
20230308,꿈비,407400,22604,2855,23.36%,Y
20230307,하이드로리튬,101670,31000,2421,23.51%,N
20230307,앱튼,270520,22711,3056,18.43%,N
20230306,이수화학,5950,18275,4829,19.06%,N
20230306,미코,59090,12540,3560,17.53%,N
20230306,솔트룩스,304100,41150,2903,19.28%,N
20230302,미래컴퍼니,49950,39150,2207,27.52%,N
20230302,성일하이텍,365340,178500,6307,22.26%,Y
20230228,KTcs,58850,5460,2958,19.21%,N
20230227,에코프로,86520,54936,5681,17.40%,N
20230227,로보티즈,108490,38952,4467,20.48%,N
20230224,MDS테크,86960,8645,7154,21.86%,N
20230224,코난테크놀로지,402030,72181,3530,20.57%,Y
20230223,셀바스AI,108860,27733,5536,20.08%,N
20230223,뉴로메카,348340,30600,3923,27.50%,Y
20230222,에스비비테크,389500,53500,2891,32.75%,Y
20230217,셀바스AI,108860,18968,4460,16.43%,N
20230216,코스모화학,5420,33456,3940,27.10%,N
20230215,샌즈랩,411080,24900,3128,18.57%,Y
20230213,셀바스AI,108860,16910,4681,19.04%,N
20230213,오픈엣지테크놀로지,394280,21600,2809,27.81%,Y
20230210,메디톡스,86900,173600,2201,30.13%,N
20230209,나노신소재,121600,109200,2026,17.42%,N
20230207,오브젠,417860,75000,2141,20.97%,Y
20230203,오브젠,417860,63300,2053,22.67%,Y
20230203,삼기에너지솔루션즈,419050,6715,3947,22.05%,Y
20230131,오픈엣지테크놀로지,394280,17360,2606,20.64%,Y
20230127,나무기술,242040,3395,2198,17.27%,N
20230125,레인보우로보틱스,277810,87200,5022,28.80%,N
20230119,SAMG엔터,419530,46850,2610,20.44%,Y
20230118,셀바스AI,108860,10774,2050,16.87%,N
20230111,코콤,15710,8950,2289,28.78%,N
20230105,SAMG엔터,419530,36500,2525,16.06%,Y
20230103,미스터블루,207760,4790,2070,16.97%,N
20221223,삼아알미늄,6110,40000,2647,19.40%,N
20221220,제주은행,6220,13750,2787,25.00%,N
20221214,핑거스토리,417180,49031,2488,17.36%,Y
20221212,핑거스토리,417180,47931,2763,15.56%,Y
20221209,핑거스토리,417180,39325,2458,19.09%,Y
20221128,포스코엠텍,9520,9230,4075,22.90%,N
20221124,아티스트스튜디오,200350,37950,2721,30.64%,N
20221122,인벤티지랩,389470,14950,2457,17.25%,Y
20221121,하이드로리튬,101670,28350,2518,16.43%,N
20221103,희림,37440,11850,2021,28.80%,N
20221103,미래나노텍,95500,19950,5150,33.00%,N
20221101,유신,54930,57200,2060,25.85%,N
20221013,신라젠,215600,10044,3037,29.48%,N
20221007,한미글로벌,53690,33100,4172,19.71%,N
20221007,이노에이엑스,296640,15850,2121,20.53%,Y
20220923,제주은행,6220,9880,2912,21.08%,N
20220907,미래나노텍,95500,13250,3512,16.74%,N
20220901,대명에너지,389260,35100,3205,19.19%,Y
20220830,새빗켐,107600,173000,3707,20.31%,Y
20220824,성일하이텍,365340,115100,3231,18.54%,Y
20220816,박셀바이오,323990,73987,7022,20.36%,N
20220816,피코그램,376180,12227,2046,25.01%,Y
20220812,에이치와이티씨,148930,19600,2811,19.51%,Y
20220805,캠시스,50110,14303,5199,21.67%,N
20220729,한화에어로스페이스,12450,65604,6631,19.04%,N
20220721,신화인터텍,56700,5670,2010,20.13%,N
20220721,루닛,328130,9052,2533,29.87%,Y
20220708,코난테크놀로지,402030,17349,2365,15.82%,Y
20220629,씨에스베어링,297090,13650,2002,18.70%,N
20220617,우림피티에스,101170,10850,2516,33.13%,N
20220617,범한퓨얼셀,382900,47950,7753,16.95%,Y
20220616,신송홀딩스,6880,18450,4059,27.24%,N
20220602,휴림로봇,90710,12300,8267,24.71%,N
20220523,지아이에스,306620,5730,2299,17.06%,N
20220520,대주산업,3310,5620,2925,22.71%,N
20220518,HLB바이오스텝,278650,50930,3501,23.78%,N
20220517,대성산업,128820,7082,2083,29.52%,N
20220511,HLB바이오스텝,278650,32637,5022,18.34%,N
20220509,HLB바이오스텝,278650,27300,3818,24.15%,N
20220503,TYM,2900,11110,2429,29.85%,N
20220503,현대에버다임,41440,9080,2188,23.87%,N
20220503,휴림로봇,90710,9588,6915,25.74%,N
20220502,베셀,177350,14711,2125,27.28%,N
20220426,팜스토리,27710,5320,5084,17.44%,N
20220426,휴림로봇,90710,6875,7003,22.48%,N
20220425,팜스토리,27710,4095,6128,30.83%,N
20220422,GS글로벌,1250,4265,5212,16.05%,N
20220422,사조동아원,8040,2130,3822,19.66%,N
20220421,NPC,4250,11900,3244,23.32%,N
20220421,한신기계,11700,12650,6292,15.53%,N
20220421,한일사료,5860,10250,3980,17.28%,N
20220420,일동홀딩스,230,51200,3274,21.90%,N
20220420,KG케미칼,1390,10280,2599,17.89%,N
20220420,하이스틸,71090,7460,2862,28.62%,N
20220419,이지홀딩스,35810,5620,2878,22.57%,N
20220418,일동홀딩스,230,38950,2960,20.40%,N
20220411,GS글로벌,1250,3555,2719,18.90%,N
20220404,한신기계,11700,10050,5494,17.54%,N
20220331,TJ미디어,32540,5902,2200,20.74%,N
20220328,휴림로봇,90710,4800,4304,16.36%,N
20220328,오토앤,353590,24150,4736,26.44%,Y
20220325,일동제약,249420,69800,10816,29.98%,N
20220325,휴림로봇,90710,3925,5553,15.00%,N
20220325,넥슨게임즈,225570,28700,4197,17.38%,N
20220323,한신기계,11700,9290,5869,29.93%,N
20220323,보성파워텍,6910,8050,7240,16.67%,N
20220323,안랩,53800,175800,7318,21.58%,N
20220322,안랩,53800,135300,5553,16.14%,N
20220322,미래생명자원,218150,11750,2598,16.34%,N
20220314,티플랙스,81150,7460,5530,18.23%,N
20220311,한신기계,11700,5830,2288,28.13%,N
20220311,일진파워,94820,27200,4749,30.46%,N
20220307,효성오앤비,97870,14600,2409,23.21%,N
20220225,일동제약,249420,58500,10560,21.62%,N
20220225,중앙에너비스,440,36850,4350,16.98%,N
20220225,로보로보,215100,10650,3748,23.69%,N
20220224,흥구석유,24060,10750,2123,23.42%,N
20220214,지에스이,53050,4660,2151,19.49%,N
20220207,일동제약,249420,47450,8813,22.14%,N
20220204,퍼스텍,10820,5250,4006,26.05%,N
20220203,에스디바이오센서,137310,78600,9574,19.09%,Y
20220128,휴마시스,205470,37232,10498,25.66%,N
20220113,퍼스텍,10820,4240,2284,33.12%,N
20220110,아진엑스텍,59120,7955,3694,21.84%,N
20220107,유진로봇,56080,6870,2078,23.34%,N
20220105,써니전자,4770,6630,4962,23.93%,N
20220104,로보로보,215100,8680,3720,28.21%,N
20220104,SKAI,357880,13003,3428,31.37%,Y
20220103,로보티즈,108490,31259,2956,27.63%,N
20211228,컴투스홀딩스,63080,218000,5388,15.96%,N
20211221,NPC,4250,9470,3866,27.97%,N
20211221,동진쎄미켐,5290,42500,8164,16.44%,N
20211217,일동제약,249420,37200,5811,17.35%,N
20211213,인포뱅크,39290,18050,2613,21.96%,N
20211210,NHN벅스,104200,21800,4969,31.33%,N
20211209,NHN벅스,104200,16800,4579,19.15%,N
20211207,일동제약,249420,21550,2280,29.04%,N
20211206,LX세미콘,108320,138400,3263,18.80%,N
20211206,NHN벅스,104200,14950,2500,26.16%,N
20211206,넥써쓰,205500,8730,3473,17.97%,N
20211201,티사이언티픽,57680,30494,3146,27.11%,N
20211201,FSN,214270,13300,2761,23.72%,N
20211130,링크드,193250,18400,2939,16.09%,N
20211129,위메이드맥스,101730,54100,2152,25.96%,N
20211129,FSN,214270,9970,2948,22.63%,N
20211126,티사이언티픽,57680,26656,3452,18.77%,N
20211126,컴투스홀딩스,63080,179000,4275,15.11%,N
20211123,마음AI,377480,38000,5629,28.16%,Y
20211122,이노뎁,303530,33950,3032,25.74%,Y
20211119,KEC,92220,18978,6671,21.79%,N
20211118,다날,64260,13200,10102,15.79%,N
20211118,NHN벅스,104200,13300,2144,19.82%,N
20211117,한글과컴퓨터,30520,28400,2343,26.79%,N
20211117,덱스터,206560,47200,5963,24.21%,N
20211116,BGF에코머티리얼즈,126600,12404,2298,16.00%,N
20211116,엔피,291230,16900,3699,28.03%,N
20211115,자이언트스텝,289220,72900,2194,19.41%,Y
20211111,에코프로,86520,29455,4541,19.76%,N
20211110,컴투스홀딩스,63080,136000,3914,17.24%,N
20211110,디어유,376300,66500,3941,27.88%,Y
20211109,갤럭시아머니트리,94480,17200,2291,27.88%,N
20211104,한전기술,52690,87600,5642,19.84%,N
20211102,초록뱀미디어,47820,49500,5177,18.71%,N
20211028,코윈테크,282880,31897,3074,22.15%,N
20211027,쇼박스,86980,7570,4705,19.97%,N
20211022,엔피,291230,11900,3618,17.82%,N
20211021,지아이텍,382480,7280,2261,30.00%,Y
20211019,경동제약,11040,16600,4239,21.61%,N
20211018,디와이에이,2880,7685,2871,20.00%,N
20211015,티비씨,33830,2935,2759,25.43%,N
20211015,일진파워,94820,16650,4026,21.98%,N
20211015,티에스아이,277880,17850,2296,23.96%,N
20211014,위메이드,112040,117200,5846,26.02%,N
20211013,일성건설,13360,7500,2910,16.82%,N
20211013,새로닉스,42600,31000,2791,25.76%,N
20211012,지에스이,53050,3820,3452,26.91%,N
20211007,덱스터,206560,19550,5066,26.13%,N
20211005,대주전자재료,78600,110900,2463,15.52%,N
20211001,선도전기,7610,9434,2588,25.65%,N
20211001,덱스터,206560,16300,5095,16.85%,N
20210930,씨아이에스,222080,21400,9873,24.06%,N
20210929,팜스토리,27710,3040,4510,18.29%,N
20210929,켐트로스,220260,16250,4479,26.95%,N
20210929,국전,307750,22100,2964,22.10%,N
20210924,신원,9270,2865,2515,29.35%,N
20210924,대주전자재료,78600,96400,3672,18.72%,N
20210914,웰크론한텍,76080,5370,2217,25.91%,N
20210914,위메이드,112040,74400,2154,28.06%,N
20210913,엘앤에프,66970,149900,9525,16.20%,N
20210910,일성건설,13360,5640,2576,31.32%,N
20210910,인성정보,33230,3437,2164,17.02%,N
20210908,에코플라스틱,38110,4832,3458,31.09%,N
20210908,켐트로스,220260,13250,3649,20.45%,N
20210907,삼아알미늄,6110,40000,2622,24.80%,N
20210907,티비씨,33830,2665,2083,26.60%,N
20210907,경남스틸,39240,11400,3709,16.33%,N
20210907,HC홈센타,60560,14011,2721,22.54%,N
20210907,HC보광산업,225530,10300,2375,27.32%,N
20210906,후성,93370,17530,6154,17.71%,N
20210906,아즈텍WB,32080,6630,3922,17.76%,N
20210903,대주전자재료,78600,68300,2886,19.41%,N
20210903,위메이드,112040,66585,4122,17.36%,N
20210902,서전기전,189860,14500,2465,16.47%,N
20210901,조일알미늄,18470,2410,2786,24.36%,N
20210901,바이오니아,64550,89400,5053,17.79%,N
20210831,디티씨,66670,8260,3332,19.02%,N
20210830,위메이드,112040,41628,2186,15.57%,N
20210827,한국선재,25550,8610,5210,26.25%,N
20210827,파인테크닉스,106240,4937,3924,15.00%,N
20210826,조일알미늄,18470,1737,2857,21.30%,N
20210826,펄어비스,263750,87900,7074,20.08%,N
20210825,한국비엔씨,256840,25027,6585,21.53%,N
20210824,유니드,14830,158345,3121,16.60%,N
20210823,바이오니아,64550,67200,6258,16.46%,N
20210819,브레인즈컴퍼니,99390,32754,2186,30.00%,Y
20210819,영화테크,265560,19300,3703,26.14%,N
20210818,코스모화학,5420,16913,4043,15.93%,N
20210817,서린바이오,38070,31859,5427,28.68%,N
20210812,코스모화학,5420,15794,4049,22.33%,N
20210812,에코프로에이치엔,383310,167085,4752,23.67%,Y
20210811,원티드랩,376980,45500,2496,30.00%,Y
20210810,SK바이오사이언스,302440,301500,41456,25.89%,Y
20210810,코데즈컴바인,47770,3540,2408,21.03%,N
20210809,코스모신소재,5070,48649,3729,16.43%,N
20210809,디티씨,66670,7400,3555,18.59%,N
20210809,에코프로,86520,17681,3836,27.84%,N
20210809,압타바이오,293780,48148,2396,17.60%,N
20210809,큐라클,365270,47523,4272,22.21%,Y
20210809,에코프로에이치엔,383310,121737,2405,27.77%,Y
20210806,TYM,2900,8827,3789,20.28%,N
20210806,신원,9270,2645,3057,16.78%,N
20210806,SK바이오사이언스,302440,244500,9394,15.33%,Y
20210806,카카오뱅크,323410,69800,37505,29.98%,Y
20210805,아즈텍WB,32080,5800,3164,24.73%,N
20210805,에스넷,38680,9923,2304,27.36%,N
20210805,바이오니아,64550,39000,2644,16.42%,N
20210805,큐라클,365270,38579,3873,15.03%,Y
20210804,SM C&C,48550,6000,6060,17.65%,N
20210804,덱스터,206560,13050,3126,17.04%,N
20210803,한국비엔씨,256840,18401,5812,19.88%,N
20210802,안트로젠,65660,92700,2457,20.23%,N
20210730,가온그룹,78890,16335,3157,27.34%,N
20210729,한국비엔씨,256840,16255,4662,30.14%,N
20210728,엠케이전자,33160,18300,2510,20.79%,N
20210727,일신석재,7110,3000,3242,23.71%,N
20210727,오비고,352910,26200,2995,25.36%,Y
20210726,태경비케이,14580,7040,2882,23.08%,N
20210723,포스코인터내셔널,47050,27200,2444,15.01%,N
20210721,HLB글로벌,3580,25600,2883,24.57%,N
20210721,네이처셀,7390,38450,4380,19.04%,N
20210720,덱스터,206560,10850,2740,15.80%,N
20210720,알체라,347860,31983,7609,22.67%,Y
20210719,자이언트스텝,289220,46246,2254,17.14%,Y
20210719,에코프로에이치엔,383310,74006,4103,27.58%,Y
20210716,일진전기,103590,7024,2755,29.88%,N
20210716,옴니시스템,57540,3395,5622,21.25%,N
20210716,링크드,193250,15550,2748,18.03%,N
20210715,한신기계,11700,3945,2263,29.77%,N
20210715,로젠,33290,7188,2517,24.47%,N
20210714,코스모신소재,5070,36993,3452,16.67%,N
20210714,그래디언트,35080,45100,9447,24.24%,N
20210713,부국철강,26940,7040,2191,25.94%,N
20210713,주연테크,44380,10150,2191,27.27%,N
20210713,시너지이노베이션,48870,6320,2959,21.77%,N
20210712,엔텔스,69410,16200,2276,18.25%,N
20210709,서전기전,189860,12150,2286,22.98%,N
20210708,케이엘넷,39420,5590,3299,15.50%,N
20210706,이연제약,102460,67200,6484,16.26%,N
20210706,한전산업,130660,17650,5374,16.12%,N
20210705,엠게임,58630,11300,3619,15.66%,N
20210705,한국비엔씨,256840,10630,2635,29.49%,N
20210702,이연제약,102460,58300,7834,17.54%,N
20210702,오픈베이스,49480,7000,4265,17.25%,N
20210702,이루온,65440,6780,4544,18.32%,N
20210701,덕신이피씨,90410,2680,2745,15.02%,N
20210630,덕신이피씨,90410,2375,2407,20.56%,N
20210628,동양,1520,2665,4533,22.53%,N
20210625,한전산업,130660,11800,5636,17.41%,N
20210625,아모센스,357580,15900,3105,29.80%,Y
20210623,한국선재,25550,7500,3639,20.00%,N
20210623,이스트에이드,239340,8300,2549,16.41%,N
20210622,네이처셀,7390,27500,5009,21.95%,N
20210622,KG에코솔루션,151860,21000,3788,16.02%,N
20210622,선익시스템,171090,26800,3453,15.02%,N
20210618,일신석재,7110,2700,3086,15.63%,N
20210618,네이처셀,7390,21500,3351,18.78%,N
20210618,오픈베이스,49480,4625,3804,22.03%,N
20210617,카스,16920,6730,2194,16.44%,N
20210616,한전산업,130660,11100,3809,30.59%,N
20210615,에이치엠넥스,36170,2465,2557,15.73%,N
20210615,강동씨앤엘,198440,5320,5236,24.74%,N
20210614,이루온,65440,3530,2134,16.12%,N
20210611,한솔로지스틱스,9180,5130,2105,28.41%,N
20210611,LG헬로비전,37560,7890,4915,27.05%,N
20210609,하림,136480,4080,4145,21.79%,N
20210609,셀리드,299660,94452,7293,17.50%,N
20210608,한전산업,130660,9860,3602,19.08%,N
20210608,셀리드,299660,81990,4502,19.81%,N
20210607,대한전선,1440,36180,10462,21.30%,N
20210607,두산에너빌리티,34020,30886,23179,23.31%,N
20210607,이연제약,102460,42200,5998,18.87%,N
20210607,보성파워텍,6910,5380,3725,27.94%,N
20210607,일진파워,94820,12650,2916,16.59%,N
20210604,대한전선,1440,27838,9570,23.85%,N
20210604,보성파워텍,6910,4145,2961,20.32%,N
20210604,우리기술,32820,1790,2126,18.94%,N
20210602,에넥스,11090,16200,3431,18.46%,N
20210601,덕성,4830,29500,4081,18.24%,N
20210601,웅진,16880,3830,2480,21.59%,N
20210601,NE능률,53290,26700,3409,29.93%,N
20210531,대한전선,1440,17593,5019,16.95%,N
20210528,KG에코솔루션,151860,11150,2855,21.33%,N
20210527,카스,16920,5110,2208,17.47%,N
20210527,케이사인,192250,31450,4278,17.57%,N
20210524,선익시스템,171090,21900,2790,29.97%,N
20210524,케이사인,192250,25850,4179,21.93%,N
20210524,애니플러스,310200,4405,2355,30.33%,N
20210521,케이씨티,89150,10900,3168,15.59%,N
20210521,삼영에스앤씨,361670,28600,2174,30.00%,Y
20210520,포톤,208710,22050,2022,17.76%,N
20210520,샘씨엔에스,252990,8320,5038,30.00%,Y
20210517,아미노로직스,74430,4185,4980,27.59%,N
20210514,특수건설,26150,14185,2684,16.93%,N
20210514,서린바이오,38070,22917,7511,20.57%,N
20210513,서린바이오,38070,17659,2893,22.81%,N
20210512,유바이오로직스,206650,55500,5872,20.13%,N
20210511,삼아알미늄,6110,15100,2294,20.80%,N
20210511,포스코스틸리온,58430,7400,3375,20.72%,N
20210510,유바이오로직스,206650,46100,5269,21.32%,N
20210507,특수건설,26150,12767,2412,26.71%,N
20210506,유바이오로직스,206650,37650,2135,22.64%,N
20210430,하이스틸,71090,4120,2069,28.55%,N
20210429,현대비앤지스틸,4560,27000,2681,30.12%,N
20210427,문배철강,8420,5870,2795,17.64%,N
20210427,포스코스틸리온,58430,5560,2858,19.06%,N
20210423,휴마시스,205470,27400,6417,20.81%,N
20210420,대창,12800,2430,4579,20.00%,N
20210420,휴온스글로벌,84110,57329,4985,15.13%,N
20210420,티케이케미칼,104480,5610,3222,17.36%,N
20210416,위즈코프,38620,11903,2236,18.50%,N
20210415,이수앱지스,86890,18950,3596,24.67%,N
20210414,토박스코리아,215480,8981,2329,17.31%,N
20210413,디앤씨미디어,263720,53000,2162,21.00%,N
20210409,보해양조,890,7700,2667,26.75%,N
20210409,웹젠,69080,48400,3468,21.46%,N
20210409,자이언트스텝,289220,27358,4555,16.48%,Y
20210408,벽산,7210,3795,2330,27.78%,N
20210408,에이텍모빌리티,224110,45300,3849,16.90%,N
20210406,우리기술투자,41190,12100,5858,15.24%,N
20210406,NE능률,53290,20900,2504,25.53%,N
20210406,드림시큐리티,203650,2794,4388,20.69%,N
20210406,TS인베스트먼트,246690,5804,3582,21.17%,N
20210405,수산세보틱스,17550,6390,2891,20.11%,N
20210402,SG글로벌,1380,8265,2170,29.73%,N
20210402,에이티넘인베스트,21080,6250,3321,22.31%,N
20210402,대성창투,27830,4702,3730,17.46%,N
20210402,DSC인베스트먼트,241520,7020,3206,18.58%,N
20210401,웅진씽크빅,95720,7977,2699,18.25%,N
20210401,아이크래프트,52460,9210,2845,19.15%,N
20210401,알로이스,297570,3230,2566,31.51%,N
20210331,갤럭시아머니트리,94480,8320,4297,30.00%,N
20210331,에이텍모빌리티,224110,37550,2234,30.84%,N
20210330,한화투자증권,3530,4015,3086,29.52%,N
20210330,깨끗한나라,4540,8450,3129,22.29%,N
20210330,에이티넘인베스트,21080,3895,2077,21.91%,N
20210330,대성창투,27830,3914,2687,24.29%,N
20210330,우리기술투자,41190,9640,9815,26.18%,N
20210329,덕성,4830,20700,3292,21.76%,N
20210329,극동유화,14530,6510,2429,17.30%,N
20210326,HMM,11200,34150,17794,15.37%,N
20210326,태웅로직스,124560,3687,2529,29.55%,N
20210326,자이언트스텝,289220,18206,4313,20.06%,Y
20210325,티케이케미칼,104480,3775,3129,18.71%,N
20210325,에스트래픽,234300,7422,2866,16.46%,N
20210324,덕성,4830,13350,2155,15.09%,N
20210324,서연,7860,16250,4498,22.18%,N
20210324,팬엔터테인먼트,68050,8950,2771,20.30%,N
20210324,제노코,361390,26721,3878,23.23%,Y
20210323,혜인,3010,7910,2145,28.41%,N
20210323,진양산업,3780,9140,3998,15.11%,N
20210323,KT지니뮤직,43610,7730,2934,31.24%,N
20210322,원익큐브,14190,4660,3992,31.08%,N
20210319,케이씨티,89150,9990,3808,23.79%,N
20210319,바이오다인,314930,13777,4406,30.25%,Y
20210318,우리기술투자,41190,7180,9384,16.56%,N
20210318,프레스티지바이오로직스,334970,16550,4067,25.38%,Y
20210317,우성,6980,45500,2596,28.35%,N
20210317,동국알앤에스,75970,6220,3689,16.04%,N
20210316,컴퍼니케이,307930,12000,2320,26.18%,N
20210312,삼성출판사,68290,46000,5989,28.85%,N
20210311,PKC,1340,5601,3685,19.09%,N
20210311,원익큐브,14190,3330,2205,21.31%,N
20210311,프레스티지바이오로직스,334970,14300,6058,18.18%,Y
20210311,싸이버원,356890,8480,4352,17.78%,Y
20210310,팜스토리,27710,2265,3865,29.06%,N
20210308,덕성,4830,12200,2870,17.87%,N
20210308,웅진씽크빅,95720,6706,2082,22.93%,N
20210305,삼성출판사,68290,41300,4871,23.84%,N
20210305,포스코엠텍,9520,11300,7048,19.20%,N
20210304,서연이화,200880,9970,2674,23.09%,N
20210303,한빛소프트,47080,5520,4314,16.21%,N
20210303,엠게임,58630,9100,3701,35.62%,N
20210302,두올,16740,5040,2001,26.79%,N
20210226,케이사인,192250,23400,5256,20.00%,N
20210225,키네마스터,139670,54200,2160,32.20%,N
20210224,포스코스틸리온,58430,3260,3207,24.43%,N
20210223,팜스토리,27710,1830,3084,21.59%,N
20210223,현대바이오,48410,21063,12837,20.48%,N
20210223,한네트,52600,10350,2970,24.40%,N
20210223,케이사인,192250,19900,2891,17.75%,N
20210222,포스코엠텍,9520,7140,4488,20.00%,N
20210222,다날,64260,9500,12551,24.84%,N
20210218,삼성출판사,68290,41400,5660,24.32%,N
20210218,씨티알모빌리티,308170,40850,4191,23.79%,N
20210218,AP위성,211270,19000,2562,22.58%,N
20210218,토박스코리아,215480,8031,3838,19.78%,N
20210217,삼성출판사,68290,31850,3268,28.17%,N
20210217,다날,64260,6680,2331,27.24%,N
20210217,쇼박스,86980,5400,3027,20.81%,N
20210216,대영포장,14160,3080,3307,23.20%,N
20210216,케이티알파,36030,15600,2981,16.85%,N
20210216,세종텔레콤,36630,7375,2258,28.96%,N
20210215,SFA반도체,36540,8910,9551,23.24%,N
20210215,제주반도체,80220,6940,5552,17.83%,N
20210215,아티스트컴퍼니,321820,29700,2657,15.56%,Y
20210210,동방,4140,7399,6328,33.15%,N
20210210,대한유화,6650,373500,2073,15.46%,N
20210210,SM Life Design,63440,3220,3298,15.83%,N
20210208,프레스티지바이오파마,950210,42600,9160,20.17%,Y
20210205,레인보우로보틱스,277810,29750,4208,29.91%,Y
20210204,포스코인터내셔널,47050,22600,4068,16.80%,N
20210203,구영테크,53270,3995,2029,24.84%,N
20210201,에넥스,11090,12450,2580,16.90%,N
20210201,HS효성첨단소재,298050,276000,3432,15.72%,N
20210126,시그네틱스,33170,1700,3440,16.44%,N
20210126,그래디언트,35080,25200,2593,28.24%,N
20210126,SFA반도체,36540,7930,9309,27.70%,N
20210126,아이에이,38880,16600,3843,27.69%,N
20210125,아진산업,13310,3899,2443,15.12%,N
20210122,성우하이텍,15750,8530,2743,18.64%,N
20210121,현대위아,11210,108500,3885,15.43%,N
20210121,현대글로비스,86280,110544,5215,16.32%,N
20210121,비츠로테크,42370,13200,3191,21.10%,N
20210121,쎄트렉아이,99320,67600,2888,27.31%,N
20210118,씨아이에스,222080,17350,4695,20.07%,N
20210115,형지엘리트,93240,4468,2288,17.42%,N
20210114,엔에프씨,265740,11250,2300,21.62%,Y
20210113,쇼박스,86980,4510,2259,29.23%,N
20210113,삼기,122350,5800,4012,18.37%,N
20210112,대덕전자,353200,15950,9473,20.38%,Y
20210111,보령,3850,21200,2954,25.85%,N
20210107,한화생명,88350,3360,3930,21.30%,N
20210107,디에스엠,104040,14875,2877,25.53%,N
20210106,위지트,36090,5731,3033,16.77%,N
20210105,대한해운,5880,3569,7776,20.82%,N
20210104,녹십자홀딩스,5250,53600,8379,22.23%,N
20210104,현대위아,11210,69500,3302,26.13%,N
20210104,지씨셀,144510,119700,2360,27.75%,N
20210104,박셀바이오,323990,170029,4306,20.11%,Y
20210104,고바이오랩,348150,53500,5323,19.96%,Y
20201230,네패스,33640,42500,4475,21.95%,N
20201230,신성델타테크,65350,10600,2127,29.11%,N
20201230,하나마이크론,67310,7775,2202,20.75%,N
20201230,하나기술,299030,71325,3091,24.26%,Y
20201230,석경에이티,357550,38000,3973,19.12%,Y
20201229,아남전자,8700,3145,4231,28.37%,N
20201229,삼기,122350,4410,2820,28.20%,N
20201228,삼성제약,1360,5042,2572,27.13%,N
20201223,LG전자,66570,119500,18294,28.91%,N
20201223,신성델타테크,65350,8340,2026,28.31%,N
20201222,현대약품,4310,8740,5745,27.59%,N
20201222,켐트로닉스,89010,28300,2937,15.27%,N
20201222,프리시젼바이오,335810,32500,3580,30.00%,Y
20201221,명문제약,17180,9420,5022,29.40%,N
20201221,삼천당제약,250,88600,7207,27.85%,N
20201221,박셀바이오,323990,83695,3445,20.43%,Y
20201221,알체라,347860,16884,3450,30.00%,Y
20201221,인바이오,352940,21650,3603,16.09%,Y
20201218,명신산업,9900,40000,6342,20.66%,Y
20201218,대웅제약,69620,212000,12362,20.80%,N
20201218,종근당,185750,192974,8346,25.19%,N
20201217,대웅,3090,60400,4214,25.70%,N
20201217,명신산업,9900,30800,9037,29.41%,Y
20201217,대웅제약,69620,175500,10221,21.88%,N
20201217,KG에코솔루션,151860,6440,2488,18.38%,N
20201216,엘앤에프,66970,68769,6793,24.13%,N
20201216,한국팩키지,37230,7480,2900,22.42%,N
20201215,명신산업,9900,22550,3182,26.33%,Y
20201214,종근당바이오,63160,96500,6067,20.78%,N
20201214,현대바이오,48410,9118,6985,26.06%,N
20201214,오텍,67170,16433,4241,22.30%,N
20201214,박셀바이오,323990,60894,2661,22.40%,Y
20201214,엔젠바이오,354200,30175,3339,28.95%,Y
20201211,대웅,3090,49600,11146,19.52%,N
20201211,포인트모바일,318020,19336,5360,28.96%,Y
20201210,대웅,3090,42650,6625,22.91%,N
20201210,포인트모바일,318020,14881,5457,15.25%,Y
20201208,일신바이오,68330,8849,6488,27.54%,N
20201208,세운메디칼,100700,7530,2988,18.96%,N
20201208,대한과학,131220,28150,5173,18.78%,N
20201207,명신산업,9900,16900,2365,30.00%,Y
20201207,종근당바이오,63160,89100,5716,18.80%,N
20201207,에스와이,109610,6240,5695,22.35%,N
20201204,신풍,2870,4165,2468,30.77%,N
20201204,에스티팜,237690,105500,5289,28.82%,N
20201203,셀트리온제약,68760,191757,11640,18.03%,N
20201202,우리바이오,82850,8110,3204,27.72%,N
20201201,아시아나IDT,267850,36765,4393,15.48%,N
20201130,태림포장,11280,7350,4155,19.90%,N
20201130,한익스프레스,14130,7720,2044,20.06%,N
20201127,아주IB투자,27360,3880,2336,17.40%,N
20201127,엠에스오토텍,123040,9780,5936,24.74%,N
20201125,보령,3850,15564,3512,22.84%,N
20201125,셀트리온제약,68760,139165,19273,22.42%,N
20201125,하나기술,299030,47102,3596,30.00%,Y
20201123,대한해운,5880,3149,4447,18.38%,N
20201120,대한전선,1440,10720,3301,28.09%,N
20201120,이연제약,102460,25942,2160,15.00%,N
20201120,고바이오랩,348150,38000,6124,31.94%,Y
20201119,바이오톡스텍,86040,16050,3315,26.38%,N
20201118,진매트릭스,109820,28300,4718,20.94%,N
20201112,대한해운,5880,2833,3704,33.32%,N
20201112,교촌에프앤비,339770,15512,8302,29.97%,Y
20201111,대주산업,3310,2745,2467,17.06%,N
20201109,신성이엔지,11930,40550,6974,23.63%,N
20201109,그린생명과학,114450,12225,3372,29.37%,N
20201109,소룩스,290690,11276,3238,17.17%,Y
20201106,제일약품,271980,77000,5248,21.45%,N
20201106,우리기술투자,41190,4720,5685,15.97%,N
20201106,소룩스,290690,8674,3146,30.01%,Y
20201105,피플바이오,304840,27109,5665,15.50%,Y
20201104,녹십자홀딩스,5250,35000,4604,27.04%,N
20201103,녹십자,6280,378000,9904,22.93%,N
20201103,피플바이오,304840,17843,4269,17.97%,Y
20201103,박셀바이오,323990,27455,3392,26.26%,Y
20201030,박셀바이오,323990,18069,2853,21.90%,Y
20201027,박셀바이오,323990,13864,4749,17.38%,Y
20201026,아남전자,8700,2475,2627,26.28%,N
20201026,피플바이오,304840,13248,2211,21.83%,Y
20201026,박셀바이오,323990,12398,2949,26.29%,Y
20201023,SV인베스트먼트,289080,7980,9497,17.18%,N
20201022,우리기술투자,41190,3850,2674,18.10%,N
20201021,그린생명과학,114450,8850,3182,25.92%,N
20201020,현대글로비스,86280,99790,6458,16.67%,N
20201019,KEC,92220,12745,6042,24.26%,N
20201019,대주산업,3310,2540,2683,15.45%,N
20201016,KX,122450,11275,2242,24.59%,N
20201015,KEC,92220,9861,6026,17.77%,N
20201014,현대약품,4310,7610,3083,17.08%,N
20201013,SDN,99220,5310,5560,28.88%,N
20201012,모트렉스,118990,14049,4720,21.51%,N
20201008,신성이엔지,11930,32550,5620,25.68%,N
20201007,오르비텍,46120,5730,3992,18.27%,N
20201007,SV인베스트먼트,289080,6940,5036,32.44%,N
20201006,나라엠앤디,51490,13700,3469,24.55%,N
20201006,나인테크,267320,5490,4112,26.50%,N
20201005,오르비텍,46120,5230,2321,27.25%,N
20201005,이스트에이드,239340,7450,3074,18.63%,N
20201005,셀리드,299660,36950,2638,27.71%,N
20200928,텔레칩스,54450,14650,2617,22.59%,N
20200923,한국팩키지,37230,5200,2854,16.85%,N
20200923,박셀바이오,323990,9973,2276,15.12%,Y
20200922,케이피엠테크,42040,48950,5073,17.39%,N
20200922,나라엠앤디,51490,12000,2782,23.71%,N
20200922,나인테크,267320,4615,2865,33.19%,N
20200921,케이피엠테크,42040,38100,5198,24.71%,N
20200921,나라엠앤디,51490,9260,2109,15.32%,N
20200918,신풍제약,19170,198000,20536,29.41%,N
20200918,신성델타테크,65350,6440,3929,19.26%,N
20200917,케이사인,192250,19150,2388,16.41%,N
20200916,케이피엠테크,42040,25900,5672,17.46%,N
20200916,한국정보인증,53300,9350,5425,23.68%,N
20200916,에스티팜,237690,74600,3934,17.11%,N
20200915,케이피엠테크,42040,19950,3189,31.68%,N
20200915,앤디포스,238090,26074,5766,21.35%,N
20200910,유니크,11320,9380,3773,20.10%,N
20200910,SY동아,41930,10450,2806,15.98%,N
20200909,포스코DX,22100,6290,6413,15.62%,N
20200909,한국파마,32300,25250,2373,33.95%,Y
20200909,SDN,99220,3640,2234,24.02%,N
20200908,포스코DX,22100,5520,2350,29.27%,N
20200908,YG PLUS,37270,6560,2637,15.29%,N
20200908,초록뱀미디어,47820,35175,5447,28.49%,N
20200908,앤디포스,238090,21952,7748,21.27%,N
20200907,한국금융지주,71050,82200,2796,17.43%,N
20200907,두산퓨얼셀,336260,58185,8224,34.16%,Y
20200907,바디텍메드,206640,38100,4606,28.72%,N
20200904,신성이엔지,11930,20200,2806,38.83%,N
20200904,후성,93370,11817,5035,16.91%,N
20200904,씨에스윈드,112610,56228,2031,18.50%,N
20200904,효성중공업,298040,70000,2643,15.51%,N
20200904,유니슨,18000,5053,3635,35.91%,N
20200904,동국S&C,100130,9050,4818,33.09%,N
20200902,영진약품,3520,9910,9747,31.26%,N
20200902,유나이티드제약,33270,70700,3753,23.60%,N
20200901,유나이티드제약,33270,61800,3290,21.89%,N
20200901,후성,93370,9629,5310,17.38%,N
20200831,두산에너빌리티,34020,14274,11071,19.26%,N
20200831,금호에이치티,214330,42250,3863,18.35%,N
20200828,CJ씨푸드,11150,5510,4264,17.23%,N
20200828,두산에너빌리티,34020,11526,9062,25.00%,N
20200828,메타케어,118000,51183,2463,21.52%,N
20200827,YBM넷,57030,12850,4860,21.80%,N
20200827,제넥신,95700,128555,15234,19.19%,N
20200827,알서포트,131370,19550,8500,23.34%,N
20200827,메가엠디,133750,5740,3405,15.73%,N
20200826,유니슨,18000,3363,2921,29.00%,N
20200826,일신바이오,68330,8558,5844,20.18%,N
20200826,대정화금,120240,43900,4236,27.99%,N
20200825,바이넥스,53030,28750,8153,25.27%,N
20200825,일신바이오,68330,6597,6017,20.47%,N
20200825,대정화금,120240,33800,2600,23.36%,N
20200824,셀레믹스,331920,33100,3227,19.28%,Y
20200821,오텍,67170,12820,4244,20.25%,N
20200819,잇츠한불,226320,36350,2404,21.57%,N
20200819,엑세스바이오,950130,42561,4085,15.03%,N
20200814,KNN,58400,2210,3398,25.21%,N
20200814,엑세스바이오,950130,25237,3300,15.69%,N
20200813,에이텍,45660,42700,4511,20.96%,N
20200812,일신바이오,68330,5309,4792,19.20%,N
20200811,일신바이오,68330,4088,4833,27.47%,N
20200811,엑세스바이오,950130,17752,2401,29.69%,N
20200810,대웅,3090,37900,5587,21.09%,N
20200810,SK디스커버리,6120,67200,2649,30.49%,N
20200810,일진다이아,81000,67000,2422,15.72%,N
20200810,SK케미칼,285130,267881,7128,20.93%,N
20200810,씨아이에스,222080,7810,3240,25.16%,N
20200807,솔브레인홀딩스,36830,75000,4024,19.81%,N
20200807,에이텍,45660,31800,4115,18.66%,N
20200807,쏠리드,50890,9671,2847,21.37%,N
20200807,에이스테크,88800,71070,4306,28.64%,N
20200807,서울바이오시스,92190,25450,4179,16.21%,N
20200806,서연,7860,10650,2815,22.55%,N
20200806,하나마이크론,67310,4966,2079,17.68%,N
20200806,켐트로스,220260,7850,3954,19.85%,N
20200805,종근당바이오,63160,67300,4135,21.70%,N
20200804,팜젠사이언스,4720,15700,2161,16.30%,N
20200804,종근당,185750,142650,3542,29.03%,N
20200804,하나제약,293480,25901,2424,29.68%,N
20200804,화일약품,61250,49995,2884,15.83%,N
20200803,드림텍,192650,19896,6432,20.65%,N
20200803,시노펙스,25320,4649,6548,19.57%,N
20200803,휴마시스,205470,21763,6526,26.24%,N
20200803,켐트로스,220260,5870,2242,24.89%,N
20200731,팜젠사이언스,4720,9330,2033,26.08%,N
20200731,드림텍,192650,15305,3315,28.10%,N
20200731,옴니시스템,57540,2622,2094,18.11%,N
20200731,PS일렉트로닉스,332570,18800,3920,20.90%,Y
20200730,랩지노믹스,84650,8990,8172,26.00%,N
20200728,한미사이언스,8930,43641,2444,29.41%,N
20200724,유니온,910,9100,3858,23.81%,N
20200724,영진약품,3520,8410,3667,15.68%,N
20200724,유니온머티리얼,47400,5330,5609,19.78%,N
20200724,SK케미칼,285130,187150,18724,23.03%,N
20200723,대원제약,3220,23184,2415,19.67%,N
20200723,랩지노믹스,84650,6559,3507,27.43%,N
20200723,알테오젠,196170,102879,3569,15.41%,N
20200722,신일제약,12790,40902,5038,16.24%,N
20200720,광동제약,9290,10100,2544,20.24%,N
20200720,신풍제약,19170,94900,7633,17.60%,N
20200720,신일제약,12790,24221,2446,26.79%,N
20200717,진매트릭스,109820,22650,2422,24.79%,N
20200716,에이프로,262260,28050,2228,29.86%,Y
20200714,스틱인베스트먼트,26890,17650,5250,15.36%,N
20200714,신일제약,12790,16269,2595,18.67%,N
20200713,신풍제약,19170,60300,7500,17.54%,N
20200713,드림텍,192650,12540,2434,27.63%,N
20200713,두산퓨얼셀,336260,40376,4412,18.42%,Y
20200713,소마젠,950200,15100,2853,29.61%,Y
20200710,신풍제약,19170,48650,10347,15.56%,N
20200709,알서포트,131370,10100,5076,28.34%,N
20200707,신풍제약,19170,37950,10503,20.86%,N
20200706,스틱인베스트먼트,26890,14050,7583,21.65%,N
20200702,KNN,58400,1850,3122,20.13%,N
20200701,SK증권,1510,2262,5086,27.80%,N
20200701,SK디스커버리,6120,48550,4847,23.69%,N
20200629,SK케미칼,285130,89738,6809,22.27%,N
20200626,에이스테크,88800,37240,3936,18.70%,N
20200626,동국S&C,100130,5310,3437,28.88%,N
20200625,비트컴퓨터,32850,13900,5049,24.66%,N
20200625,나노엔텍,39860,11550,2756,26.92%,N
20200623,KG모빌리티,3620,25444,2572,20.72%,N
20200623,두산퓨얼셀,336260,31398,3959,24.27%,Y
20200623,셀리드,299660,29808,2428,15.86%,N
20200622,알테오젠,196170,93308,4096,25.62%,N
20200618,스페코,13810,10000,2380,29.37%,N
20200618,빅텍,65450,11650,4821,20.98%,N
20200612,KG파이낸셜,46440,11750,2991,30.56%,N
20200611,제넥신,95700,67836,6915,15.45%,N
20200611,녹십자웰빙,234690,13450,2005,21.72%,Y
20200609,부광약품,3000,31616,12739,26.38%,N
20200609,신풍제약,19170,27200,6317,28.91%,N
20200608,일양약품,7570,88721,5948,19.97%,N
20200605,동화약품,20,14750,2382,20.90%,N
20200605,대웅,3090,25500,2073,28.46%,N
20200605,일양약품,7570,68247,5998,15.10%,N
20200602,차바이오텍,85660,24601,4425,28.75%,N
20200601,셀트리온제약,68760,91428,10366,24.59%,N
20200528,YBM넷,57030,11050,4594,15.71%,N
20200527,유니온머티리얼,47400,4150,3985,15.76%,N
20200526,명문제약,17180,8520,5095,16.08%,N
20200526,두산퓨얼셀,336260,14326,3511,17.27%,Y
20200525,한국정보인증,53300,7170,2718,22.77%,N
20200521,와이어블,65530,6000,4769,25.00%,N
20200520,한국전자인증,41460,7470,3497,25.76%,N
20200518,현대바이오랜드,52260,19225,5212,28.60%,N
20200514,JW중외제약,1060,32951,2275,20.59%,N
20200514,SK케미칼,285130,63251,2837,17.04%,N
20200514,랩지노믹스,84650,5264,5137,19.77%,N
20200504,알테오젠,196170,33106,2584,23.96%,N
20200427,GC메디아이,32620,7750,3004,16.72%,N
20200424,대웅,3090,19950,3681,15.99%,N
20200420,파미셀,5690,24050,11807,20.55%,N
20200417,한진칼,180640,109500,13655,26.88%,N
20200414,부광약품,3000,23138,10879,21.76%,N
20200407,톱텍,108230,19800,5387,21.47%,N
20200406,알서포트,131370,6120,2010,17.69%,N
20200403,남선알미늄,8350,6400,9936,22.14%,N
20200331,부광약품,3000,21175,5946,15.75%,N
20200331,일양약품,7570,46654,2726,20.35%,N
20200331,셀트리온,68270,195589,23783,22.13%,N
20200331,바이오니아,64550,15900,2482,25.20%,N
20200327,YBM넷,57030,8080,2754,20.06%,N
20200326,신풍제약,19170,12450,5233,27.04%,N
20200326,수젠텍,253840,27600,2991,19.22%,N
20200303,한진칼,180640,80800,7211,19.35%,N
20200227,미코,59090,8350,4099,19.97%,N
20200226,한진칼,180640,60000,4616,17.65%,N
20200221,메가엠디,133750,5280,2252,19.46%,N
20200220,한국알콜,17890,11150,2088,26.70%,N
20200220,서남,294630,4750,2773,21.79%,Y
20200219,오공,45060,11450,4154,32.37%,N
20200214,스틱인베스트먼트,26890,10100,4515,28.34%,N
20200213,덱스터,206560,9790,3950,19.98%,N
20200212,바른손이앤에이,35620,16532,3703,25.91%,N
20200116,까뮤이앤씨,13700,1805,2019,16.83%,N
20200113,한국화장품,123690,16300,2570,22.56%,N
20200108,빅텍,65450,4625,3317,26.02%,N
20191212,삼성출판사,68290,28650,3483,29.35%,N
20191206,젬백스,82270,41000,5862,25.00%,N
20191205,젬백스,82270,31550,5093,22.29%,N
20191127,HLB바이오스텝,278650,20294,3114,22.69%,Y
20191125,현대바이오랜드,52260,12900,3347,20.28%,N
20191125,티움바이오,321550,17450,2527,21.60%,Y
20191119,국일제지,78130,44129,3978,28.68%,N
20191115,HLB글로벌,3580,11450,2565,20.53%,N
20191111,남선알미늄,8350,5140,3786,25.98%,N
20191111,SM Life Design,63440,3415,2172,27.43%,N
20191025,메가엠디,133750,4605,3038,16.58%,N
20191022,두산퓨얼셀,336260,8762,3343,15.98%,Y
20191021,HLB,28300,66784,7554,27.02%,N
20191021,HLB생명과학,67630,13404,2732,18.97%,N
20191007,HLB,28300,43342,5877,17.10%,N
20190920,태경비케이,14580,7040,2998,20.34%,N
20190920,마니커,27740,12920,2097,16.24%,N
20190920,이글벳,44960,10650,2572,17.03%,N
20190904,화천기계,10660,5790,2910,25.19%,N
20190730,켐트로스,220260,5470,2567,30.24%,N
20190729,모나미,5360,5910,2229,26.28%,N
20190726,경인양행,12610,8900,2330,23.44%,N
20190725,대모,317850,13000,2049,17.12%,Y
20190724,대모,317850,11300,2227,29.74%,Y
20190723,국일제지,78130,31390,6013,31.83%,N
20190715,동진쎄미켐,5290,17400,4096,27.01%,N
20190626,현대바이오,48410,9848,6727,25.15%,N
20190624,광동제약,9290,8900,2160,17.11%,N
20190621,LB세미콘,61970,12250,3435,16.11%,N
20190614,이스트에이드,239340,10600,2019,22.54%,N
20190613,오픈베이스,49480,3970,2698,15.24%,N
20190603,이글벳,44960,8200,2082,22.39%,N
20190520,신일전자,2700,2810,2398,18.32%,N
20190516,남선알미늄,8350,4070,3374,28.19%,N
20190508,크리스탈신소재,900250,2825,2457,15.31%,N
20190430,현대바이오,48410,7822,2901,24.81%,N
20190412,아시아나항공,20560,26727,3257,25.84%,N
20190412,한진칼,180640,44100,4568,27.09%,N
20190405,현대바이오,48410,7209,4860,21.42%,N
20190328,현대오토에버,307950,88700,3531,17.48%,Y
20190320,LB세미콘,61970,8290,3037,18.43%,N
20190312,에이비엘바이오,298380,27450,2198,27.97%,Y
20190220,셀리드,299660,37242,3677,16.80%,Y
20190125,미코,59090,9110,2174,17.10%,N
20190123,포스코엠텍,9520,10450,2274,16.11%,N
20190117,유니크,11320,12800,2143,24.27%,N
20190108,아난티,25980,26100,6550,19.72%,N
20181217,아난티,25980,19800,6611,28.57%,N
20181214,아난티,25980,15350,5405,18.99%,N
20181212,남선알미늄,8350,3180,3053,19.77%,N
20181031,스틱인베스트먼트,26890,6720,2791,16.06%,N
20180918,포스코엠텍,9520,8870,3134,16.71%,N
20180917,현대바이오,48410,4622,2428,23.55%,N
20180914,우진아이엔에스,10400,19650,2039,29.70%,Y
20180622,마니커,27740,15437,2199,26.46%,N
20180612,퍼스텍,10820,7980,5172,19.10%,N
20180605,퍼스텍,10820,6700,2552,31.12%,N
20180530,키이스트,54780,20313,3278,26.92%,N
20180517,현대코퍼레이션,11760,37450,2166,18.89%,N
20180515,대아티아이,45390,8070,2500,18.85%,N
20180503,에스트래픽,234300,14530,2414,16.53%,Y
20180430,현대건설,720,61883,7766,17.56%,N
20180427,대아티아이,45390,3900,3038,20.93%,N
20180419,좋은사람들,33340,12317,2599,24.31%,N
20180413,모아라이프플러스,142760,24883,2044,21.76%,N
20180406,파미셀,5690,20800,5202,17.51%,N
20180406,JTC,950170,16300,4112,16.01%,Y
20180323,HLB,28300,22606,3202,22.15%,N
20180322,애경산업,18250,34000,3557,21.43%,Y
20180319,파미셀,5690,10750,2390,22.44%,N
20180314,파미셀,5690,8710,2296,30.98%,N
20180312,네이처셀,7390,50318,2663,23.71%,N
20180308,제룡전기,33100,10900,2171,21.11%,N
20180213,알리코제약,260660,19607,2799,24.69%,Y
20180212,알리코제약,260660,15082,2285,29.83%,Y
20180209,명문제약,17180,9806,4785,22.09%,N
20180209,고려제약,14570,14350,2020,34.74%,N
20180201,에이티넘인베스트,21080,7130,3712,26.87%,N
20180129,지씨셀,144510,77700,2643,31.25%,N
20180124,헬릭스미스,84990,150603,5983,15.49%,N
20180118,마크로젠,38290,45650,2148,15.86%,N
20180115,셀트리온제약,68760,84403,10451,15.26%,N
20180115,헬릭스미스,84990,123909,4952,26.07%,N
20180112,셀트리온제약,68760,68987,9203,22.44%,N
20180110,한올바이오파마,9420,36000,4560,26.09%,N
20180109,우리기술투자,41190,7770,3642,18.63%,N
20180105,차바이오텍,85660,32170,5373,25.14%,N
20180102,차바이오텍,85660,27001,3562,25.54%,N
20171220,우리기술투자,41190,4100,2879,27.93%,N
20171214,파이온엑스,900100,33390,3959,30.43%,N
20171206,텔콘RF제약,200230,46371,7438,26.47%,N
20171205,네이처셀,7390,24204,2275,26.75%,N
20171204,텔콘RF제약,200230,37205,6165,17.95%,N
20171201,차바이오텍,85660,17031,2269,25.50%,N
20171130,텔콘RF제약,200230,31813,4323,28.12%,N
20171129,제이씨현시스템,33320,9200,2259,15.00%,N
20171124,스튜디오드래곤,253450,71800,4295,29.84%,Y
20171120,신라젠,215600,81676,9085,28.82%,Y
20171117,텔콘RF제약,200230,27904,5579,18.29%,N
20171115,한미사이언스,8930,105963,2527,21.17%,N
20171115,셀트리온제약,68760,45121,6930,15.03%,N
20171114,HLB,28300,14268,3486,25.34%,N
20171113,셀트리온제약,68760,39302,5972,20.37%,N
20171110,셀트리온제약,68760,30723,3655,28.23%,N
20171107,코오롱티슈진,950160,111205,10461,29.37%,Y
20171106,CMG제약,58820,4816,3052,20.40%,N
20171027,앱클론,174900,23350,2157,19.13%,Y
20171012,셀트리온제약,68760,23808,2970,19.77%,N
20170925,신라젠,215600,31093,3472,17.72%,Y
20170914,신라젠,215600,29811,5093,23.34%,Y
20170908,신라젠,215600,23592,3821,15.90%,Y
20170731,파루,43200,6570,2396,20.99%,N
20170727,파루,43200,5800,2043,21.59%,N
20170616,신라젠,215600,15194,2948,20.91%,Y
20170410,빅텍,65450,5260,2396,22.90%,N
20170329,오픈베이스,49480,5890,2188,23.22%,N
20170322,신신제약,2800,10500,2227,27.27%,Y
20161219,미투온,201490,12650,2006,15.00%,Y
20161214,미투온,201490,10050,2285,21.08%,Y
20161027,JW생명과학,234080,21475,4962,29.95%,Y
20161025,GRT,900290,8549,2027,30.00%,Y
20161021,미투온,201490,7080,2160,18.99%,Y
20160909,지엔코,65060,240955,2856,18.88%,N
20160812,샘표,7540,84200,2030,20.46%,N
20160624,제이씨현시스템,33320,9490,2317,28.07%,N
20160622,대아티아이,45390,2525,3464,23.17%,N
20160603,SH에너지화학,2360,19200,2042,17.79%,N
20160603,오픈베이스,49480,4390,2162,21.10%,N
20160527,모나용평,70960,11700,2166,30.00%,Y
20160525,에스코넥,96630,16125,2724,17.49%,N
20160524,CMG제약,58820,7000,2074,25.72%,N
20160519,에스코넥,96630,14100,2379,27.03%,N
20160518,영진약품,3520,14150,5309,20.94%,N
20160517,해태제과식품,101530,60000,4437,16.50%,Y
20160516,보성파워텍,6910,13791,3511,16.13%,N
20160513,보성파워텍,6910,10612,2081,19.09%,N
20160425,영진약품,3520,7700,4574,26.02%,N
20160422,영진약품,3520,5930,2266,16.50%,N
20160328,오픈베이스,49480,4125,2075,17.35%,N
20160120,부광약품,3000,19183,2206,23.18%,N
20151222,써니전자,4770,7070,2689,17.83%,N
20151222,안랩,53800,79300,3457,23.91%,N
20151202,디아이,3160,11100,2897,21.58%,N
20151201,테크엘,64520,64596,2211,15.30%,N
20150923,미래산업,25560,264885,2351,26.44%,N
20150724,파미셀,5690,6830,2020,28.38%,N
20150714,메디앙스,14100,68813,2387,20.85%,N
20150706,메디포스트,78160,73832,3241,27.41%,N
20150703,일양약품,7570,111768,2143,23.79%,N
